"event.id","location.long","location.lat","heading","height.above.ellipsoid","migration.stage","optional","sensor","timestamps","trackId","individual.local.identifier","visible","individual.id","deployment.id","tag.id","study.id","sensor.type.id","tag.local.identifier","individual.taxon.canonical.name","migration.stage.standard","study.name","birth.hatch.latitude","birth.hatch.longitude","comments","death.comments","earliest.date.born","exact.date.of.birth","group.id","latest.date.born","marker.id","mates","mortality.date","mortality.latitude","mortality.longitude","mortality.type","nick.name","offspring","parents","ring.id","sex","siblings","taxon.canonical.name","timestamp.start","timestamp.end","number.of.events","number.of.deployments","sensor.type.ids","taxon.detail","animalName"
1149956742,48.8026,69.170417,0.97,62,"breedmoult",TRUE,"GPS",2013-09-05 18:33:37,"X767","X767","true",133992714,137254371,133992715,133992043,653,767,"Anser albifrons","fall-migration","Migration timing in white-fronted geese (data from Kölzsch et al. 2016)",NA,NA,NA,NA,NA,NA,NA,NA,NA,NA,NA,NA,NA,NA,NA,NA,NA,NA,"m",NA,"Anser albifrons","2013-09-05 18:33:37.000","2013-09-30 07:18:07.000",112,1,"gps",NA,"767_137254371"
1149956743,48.68415,69.043233,2.17,75,"flight",TRUE,"GPS",2013-09-06 04:13:48,"X767","X767","true",133992714,137254371,133992715,133992043,653,767,"Anser albifrons","fall-migration","Migration timing in white-fronted geese (data from Kölzsch et al. 2016)",NA,NA,NA,NA,NA,NA,NA,NA,NA,NA,NA,NA,NA,NA,NA,NA,NA,NA,"m",NA,"Anser albifrons","2013-09-05 18:33:37.000","2013-09-30 07:18:07.000",112,1,"gps",NA,"767_137254371"
1149956744,48.65505,68.895067,1.24,19,"flight",TRUE,"GPS",2013-09-06 09:04:25,"X767","X767","true",133992714,137254371,133992715,133992043,653,767,"Anser albifrons","fall-migration","Migration timing in white-fronted geese (data from Kölzsch et al. 2016)",NA,NA,NA,NA,NA,NA,NA,NA,NA,NA,NA,NA,NA,NA,NA,NA,NA,NA,"m",NA,"Anser albifrons","2013-09-05 18:33:37.000","2013-09-30 07:18:07.000",112,1,"gps",NA,"767_137254371"
1149956745,48.977183,68.774433,1.25,29,"flight",TRUE,"GPS",2013-09-06 11:22:40,"X767","X767","true",133992714,137254371,133992715,133992043,653,767,"Anser albifrons","fall-migration","Migration timing in white-fronted geese (data from Kölzsch et al. 2016)",NA,NA,NA,NA,NA,NA,NA,NA,NA,NA,NA,NA,NA,NA,NA,NA,NA,NA,"m",NA,"Anser albifrons","2013-09-05 18:33:37.000","2013-09-30 07:18:07.000",112,1,"gps",NA,"767_137254371"
1149956746,50.423867,68.201467,2.49,31,"flight",TRUE,"GPS",2013-09-06 16:28:03,"X767","X767","true",133992714,137254371,133992715,133992043,653,767,"Anser albifrons","fall-migration","Migration timing in white-fronted geese (data from Kölzsch et al. 2016)",NA,NA,NA,NA,NA,NA,NA,NA,NA,NA,NA,NA,NA,NA,NA,NA,NA,NA,"m",NA,"Anser albifrons","2013-09-05 18:33:37.000","2013-09-30 07:18:07.000",112,1,"gps",NA,"767_137254371"
1149956747,50.42385,68.201467,1.28,NA,"flight",TRUE,"GPS",2013-09-06 19:00:22,"X767","X767","true",133992714,137254371,133992715,133992043,653,767,"Anser albifrons","fall-migration","Migration timing in white-fronted geese (data from Kölzsch et al. 2016)",NA,NA,NA,NA,NA,NA,NA,NA,NA,NA,NA,NA,NA,NA,NA,NA,NA,NA,"m",NA,"Anser albifrons","2013-09-05 18:33:37.000","2013-09-30 07:18:07.000",112,1,"gps",NA,"767_137254371"
1149956748,50.424317,68.201283,1.26,NA,"flight",TRUE,"GPS",2013-09-06 23:50:25,"X767","X767","true",133992714,137254371,133992715,133992043,653,767,"Anser albifrons","fall-migration","Migration timing in white-fronted geese (data from Kölzsch et al. 2016)",NA,NA,NA,NA,NA,NA,NA,NA,NA,NA,NA,NA,NA,NA,NA,NA,NA,NA,"m",NA,"Anser albifrons","2013-09-05 18:33:37.000","2013-09-30 07:18:07.000",112,1,"gps",NA,"767_137254371"
1149956749,50.349417,68.099467,1.67,30,"flight",TRUE,"GPS",2013-09-07 04:40:36,"X767","X767","true",133992714,137254371,133992715,133992043,653,767,"Anser albifrons","fall-migration","Migration timing in white-fronted geese (data from Kölzsch et al. 2016)",NA,NA,NA,NA,NA,NA,NA,NA,NA,NA,NA,NA,NA,NA,NA,NA,NA,NA,"m",NA,"Anser albifrons","2013-09-05 18:33:37.000","2013-09-30 07:18:07.000",112,1,"gps",NA,"767_137254371"
1149956750,50.353683,68.097067,1.51,73,"flight",TRUE,"GPS",2013-09-07 06:58:29,"X767","X767","true",133992714,137254371,133992715,133992043,653,767,"Anser albifrons","fall-migration","Migration timing in white-fronted geese (data from Kölzsch et al. 2016)",NA,NA,NA,NA,NA,NA,NA,NA,NA,NA,NA,NA,NA,NA,NA,NA,NA,NA,"m",NA,"Anser albifrons","2013-09-05 18:33:37.000","2013-09-30 07:18:07.000",112,1,"gps",NA,"767_137254371"
1149956751,50.336767,68.101917,1.45,33,"flight",TRUE,"GPS",2013-09-07 09:31:37,"X767","X767","true",133992714,137254371,133992715,133992043,653,767,"Anser albifrons","fall-migration","Migration timing in white-fronted geese (data from Kölzsch et al. 2016)",NA,NA,NA,NA,NA,NA,NA,NA,NA,NA,NA,NA,NA,NA,NA,NA,NA,NA,"m",NA,"Anser albifrons","2013-09-05 18:33:37.000","2013-09-30 07:18:07.000",112,1,"gps",NA,"767_137254371"
1149956752,50.333933,68.103833,2.3,42,"flight",TRUE,"GPS",2013-09-07 12:05:16,"X767","X767","true",133992714,137254371,133992715,133992043,653,767,"Anser albifrons","fall-migration","Migration timing in white-fronted geese (data from Kölzsch et al. 2016)",NA,NA,NA,NA,NA,NA,NA,NA,NA,NA,NA,NA,NA,NA,NA,NA,NA,NA,"m",NA,"Anser albifrons","2013-09-05 18:33:37.000","2013-09-30 07:18:07.000",112,1,"gps",NA,"767_137254371"
1149956753,50.221383,68.03965,1.25,23,"flight",TRUE,"GPS",2013-09-08 03:05:46,"X767","X767","true",133992714,137254371,133992715,133992043,653,767,"Anser albifrons","fall-migration","Migration timing in white-fronted geese (data from Kölzsch et al. 2016)",NA,NA,NA,NA,NA,NA,NA,NA,NA,NA,NA,NA,NA,NA,NA,NA,NA,NA,"m",NA,"Anser albifrons","2013-09-05 18:33:37.000","2013-09-30 07:18:07.000",112,1,"gps",NA,"767_137254371"
1149956754,50.225233,68.038133,1.26,19,"flight",TRUE,"GPS",2013-09-08 07:56:00,"X767","X767","true",133992714,137254371,133992715,133992043,653,767,"Anser albifrons","fall-migration","Migration timing in white-fronted geese (data from Kölzsch et al. 2016)",NA,NA,NA,NA,NA,NA,NA,NA,NA,NA,NA,NA,NA,NA,NA,NA,NA,NA,"m",NA,"Anser albifrons","2013-09-05 18:33:37.000","2013-09-30 07:18:07.000",112,1,"gps",NA,"767_137254371"
1149956755,49.92305,67.798317,1.8,94,"flight",TRUE,"GPS",2013-09-08 10:14:09,"X767","X767","true",133992714,137254371,133992715,133992043,653,767,"Anser albifrons","fall-migration","Migration timing in white-fronted geese (data from Kölzsch et al. 2016)",NA,NA,NA,NA,NA,NA,NA,NA,NA,NA,NA,NA,NA,NA,NA,NA,NA,NA,"m",NA,"Anser albifrons","2013-09-05 18:33:37.000","2013-09-30 07:18:07.000",112,1,"gps",NA,"767_137254371"
1149956756,48.118117,67.25725,0.77,46,"stopover",TRUE,"GPS",2013-09-08 22:40:44,"X767","X767","true",133992714,137254371,133992715,133992043,653,767,"Anser albifrons","fall-migration","Migration timing in white-fronted geese (data from Kölzsch et al. 2016)",NA,NA,NA,NA,NA,NA,NA,NA,NA,NA,NA,NA,NA,NA,NA,NA,NA,NA,"m",NA,"Anser albifrons","2013-09-05 18:33:37.000","2013-09-30 07:18:07.000",112,1,"gps",NA,"767_137254371"
1149956757,48.085683,67.254933,1.25,26,"stopover",TRUE,"GPS",2013-09-09 13:26:25,"X767","X767","true",133992714,137254371,133992715,133992043,653,767,"Anser albifrons","fall-migration","Migration timing in white-fronted geese (data from Kölzsch et al. 2016)",NA,NA,NA,NA,NA,NA,NA,NA,NA,NA,NA,NA,NA,NA,NA,NA,NA,NA,"m",NA,"Anser albifrons","2013-09-05 18:33:37.000","2013-09-30 07:18:07.000",112,1,"gps",NA,"767_137254371"
1149956758,47.983217,67.121633,0.84,38,"stopover",TRUE,"GPS",2013-09-09 20:34:38,"X767","X767","true",133992714,137254371,133992715,133992043,653,767,"Anser albifrons","fall-migration","Migration timing in white-fronted geese (data from Kölzsch et al. 2016)",NA,NA,NA,NA,NA,NA,NA,NA,NA,NA,NA,NA,NA,NA,NA,NA,NA,NA,"m",NA,"Anser albifrons","2013-09-05 18:33:37.000","2013-09-30 07:18:07.000",112,1,"gps",NA,"767_137254371"
1149956759,47.97325,67.125867,1.61,39,"stopover",TRUE,"GPS",2013-09-10 06:59:59,"X767","X767","true",133992714,137254371,133992715,133992043,653,767,"Anser albifrons","fall-migration","Migration timing in white-fronted geese (data from Kölzsch et al. 2016)",NA,NA,NA,NA,NA,NA,NA,NA,NA,NA,NA,NA,NA,NA,NA,NA,NA,NA,"m",NA,"Anser albifrons","2013-09-05 18:33:37.000","2013-09-30 07:18:07.000",112,1,"gps",NA,"767_137254371"
1149956760,47.975883,67.125367,2.07,91,"stopover",TRUE,"GPS",2013-09-10 09:32:20,"X767","X767","true",133992714,137254371,133992715,133992043,653,767,"Anser albifrons","fall-migration","Migration timing in white-fronted geese (data from Kölzsch et al. 2016)",NA,NA,NA,NA,NA,NA,NA,NA,NA,NA,NA,NA,NA,NA,NA,NA,NA,NA,"m",NA,"Anser albifrons","2013-09-05 18:33:37.000","2013-09-30 07:18:07.000",112,1,"gps",NA,"767_137254371"
1149956761,47.974367,67.11255,0.88,28,"stopover",TRUE,"GPS",2013-09-10 11:50:45,"X767","X767","true",133992714,137254371,133992715,133992043,653,767,"Anser albifrons","fall-migration","Migration timing in white-fronted geese (data from Kölzsch et al. 2016)",NA,NA,NA,NA,NA,NA,NA,NA,NA,NA,NA,NA,NA,NA,NA,NA,NA,NA,"m",NA,"Anser albifrons","2013-09-05 18:33:37.000","2013-09-30 07:18:07.000",112,1,"gps",NA,"767_137254371"
1149956762,47.98535,67.131067,1.35,17,"stopover",TRUE,"GPS",2013-09-10 14:23:49,"X767","X767","true",133992714,137254371,133992715,133992043,653,767,"Anser albifrons","fall-migration","Migration timing in white-fronted geese (data from Kölzsch et al. 2016)",NA,NA,NA,NA,NA,NA,NA,NA,NA,NA,NA,NA,NA,NA,NA,NA,NA,NA,"m",NA,"Anser albifrons","2013-09-05 18:33:37.000","2013-09-30 07:18:07.000",112,1,"gps",NA,"767_137254371"
1149956763,48.09425,67.11545,1.09,34,"stopover",TRUE,"GPS",2013-09-10 16:41:48,"X767","X767","true",133992714,137254371,133992715,133992043,653,767,"Anser albifrons","fall-migration","Migration timing in white-fronted geese (data from Kölzsch et al. 2016)",NA,NA,NA,NA,NA,NA,NA,NA,NA,NA,NA,NA,NA,NA,NA,NA,NA,NA,"m",NA,"Anser albifrons","2013-09-05 18:33:37.000","2013-09-30 07:18:07.000",112,1,"gps",NA,"767_137254371"
1149956764,48.09345,67.114933,0.88,41,"stopover",TRUE,"GPS",2013-09-10 19:14:38,"X767","X767","true",133992714,137254371,133992715,133992043,653,767,"Anser albifrons","fall-migration","Migration timing in white-fronted geese (data from Kölzsch et al. 2016)",NA,NA,NA,NA,NA,NA,NA,NA,NA,NA,NA,NA,NA,NA,NA,NA,NA,NA,"m",NA,"Anser albifrons","2013-09-05 18:33:37.000","2013-09-30 07:18:07.000",112,1,"gps",NA,"767_137254371"
1149956765,48.093267,67.115033,0.94,40,"stopover",TRUE,"GPS",2013-09-11 00:03:59,"X767","X767","true",133992714,137254371,133992715,133992043,653,767,"Anser albifrons","fall-migration","Migration timing in white-fronted geese (data from Kölzsch et al. 2016)",NA,NA,NA,NA,NA,NA,NA,NA,NA,NA,NA,NA,NA,NA,NA,NA,NA,NA,"m",NA,"Anser albifrons","2013-09-05 18:33:37.000","2013-09-30 07:18:07.000",112,1,"gps",NA,"767_137254371"
1149956766,48.1035,67.1113,1.46,32,"stopover",TRUE,"GPS",2013-09-11 02:36:13,"X767","X767","true",133992714,137254371,133992715,133992043,653,767,"Anser albifrons","fall-migration","Migration timing in white-fronted geese (data from Kölzsch et al. 2016)",NA,NA,NA,NA,NA,NA,NA,NA,NA,NA,NA,NA,NA,NA,NA,NA,NA,NA,"m",NA,"Anser albifrons","2013-09-05 18:33:37.000","2013-09-30 07:18:07.000",112,1,"gps",NA,"767_137254371"
1149956767,48.09835,67.11525,1,50,"stopover",TRUE,"GPS",2013-09-11 04:54:00,"X767","X767","true",133992714,137254371,133992715,133992043,653,767,"Anser albifrons","fall-migration","Migration timing in white-fronted geese (data from Kölzsch et al. 2016)",NA,NA,NA,NA,NA,NA,NA,NA,NA,NA,NA,NA,NA,NA,NA,NA,NA,NA,"m",NA,"Anser albifrons","2013-09-05 18:33:37.000","2013-09-30 07:18:07.000",112,1,"gps",NA,"767_137254371"
1149956768,48.174467,67.127517,1,50,"stopover",TRUE,"GPS",2013-09-11 14:35:46,"X767","X767","true",133992714,137254371,133992715,133992043,653,767,"Anser albifrons","fall-migration","Migration timing in white-fronted geese (data from Kölzsch et al. 2016)",NA,NA,NA,NA,NA,NA,NA,NA,NA,NA,NA,NA,NA,NA,NA,NA,NA,NA,"m",NA,"Anser albifrons","2013-09-05 18:33:37.000","2013-09-30 07:18:07.000",112,1,"gps",NA,"767_137254371"
1149956769,48.215183,67.12515,1.63,63,"stopover",TRUE,"GPS",2013-09-12 00:16:33,"X767","X767","true",133992714,137254371,133992715,133992043,653,767,"Anser albifrons","fall-migration","Migration timing in white-fronted geese (data from Kölzsch et al. 2016)",NA,NA,NA,NA,NA,NA,NA,NA,NA,NA,NA,NA,NA,NA,NA,NA,NA,NA,"m",NA,"Anser albifrons","2013-09-05 18:33:37.000","2013-09-30 07:18:07.000",112,1,"gps",NA,"767_137254371"
1149956770,48.17075,67.12185,0.95,55,"stopover",TRUE,"GPS",2013-09-12 05:06:38,"X767","X767","true",133992714,137254371,133992715,133992043,653,767,"Anser albifrons","fall-migration","Migration timing in white-fronted geese (data from Kölzsch et al. 2016)",NA,NA,NA,NA,NA,NA,NA,NA,NA,NA,NA,NA,NA,NA,NA,NA,NA,NA,"m",NA,"Anser albifrons","2013-09-05 18:33:37.000","2013-09-30 07:18:07.000",112,1,"gps",NA,"767_137254371"
1149956771,48.207233,67.12955,1.7,45,"stopover",TRUE,"GPS",2013-09-12 14:47:18,"X767","X767","true",133992714,137254371,133992715,133992043,653,767,"Anser albifrons","fall-migration","Migration timing in white-fronted geese (data from Kölzsch et al. 2016)",NA,NA,NA,NA,NA,NA,NA,NA,NA,NA,NA,NA,NA,NA,NA,NA,NA,NA,"m",NA,"Anser albifrons","2013-09-05 18:33:37.000","2013-09-30 07:18:07.000",112,1,"gps",NA,"767_137254371"
1149956772,48.112517,67.12295,1.83,NA,"stopover",TRUE,"GPS",2013-09-13 15:13:04,"X767","X767","true",133992714,137254371,133992715,133992043,653,767,"Anser albifrons","fall-migration","Migration timing in white-fronted geese (data from Kölzsch et al. 2016)",NA,NA,NA,NA,NA,NA,NA,NA,NA,NA,NA,NA,NA,NA,NA,NA,NA,NA,"m",NA,"Anser albifrons","2013-09-05 18:33:37.000","2013-09-30 07:18:07.000",112,1,"gps",NA,"767_137254371"
1149956773,48.136633,67.120883,0,0,"stopover",TRUE,"GPS",2013-09-14 00:52:45,"X767","X767","true",133992714,137254371,133992715,133992043,653,767,"Anser albifrons","fall-migration","Migration timing in white-fronted geese (data from Kölzsch et al. 2016)",NA,NA,NA,NA,NA,NA,NA,NA,NA,NA,NA,NA,NA,NA,NA,NA,NA,NA,"m",NA,"Anser albifrons","2013-09-05 18:33:37.000","2013-09-30 07:18:07.000",112,1,"gps",NA,"767_137254371"
1149956774,48.1427,67.1127,1.71,38,"stopover",TRUE,"GPS",2013-09-14 03:10:20,"X767","X767","true",133992714,137254371,133992715,133992043,653,767,"Anser albifrons","fall-migration","Migration timing in white-fronted geese (data from Kölzsch et al. 2016)",NA,NA,NA,NA,NA,NA,NA,NA,NA,NA,NA,NA,NA,NA,NA,NA,NA,NA,"m",NA,"Anser albifrons","2013-09-05 18:33:37.000","2013-09-30 07:18:07.000",112,1,"gps",NA,"767_137254371"
1149956775,48.082483,67.1415,1.56,61,"stopover",TRUE,"GPS",2013-09-14 11:04:19,"X767","X767","true",133992714,137254371,133992715,133992043,653,767,"Anser albifrons","fall-migration","Migration timing in white-fronted geese (data from Kölzsch et al. 2016)",NA,NA,NA,NA,NA,NA,NA,NA,NA,NA,NA,NA,NA,NA,NA,NA,NA,NA,"m",NA,"Anser albifrons","2013-09-05 18:33:37.000","2013-09-30 07:18:07.000",112,1,"gps",NA,"767_137254371"
1149956776,48.093533,67.139017,1.42,28,"stopover",TRUE,"GPS",2013-09-14 13:37:41,"X767","X767","true",133992714,137254371,133992715,133992043,653,767,"Anser albifrons","fall-migration","Migration timing in white-fronted geese (data from Kölzsch et al. 2016)",NA,NA,NA,NA,NA,NA,NA,NA,NA,NA,NA,NA,NA,NA,NA,NA,NA,NA,"m",NA,"Anser albifrons","2013-09-05 18:33:37.000","2013-09-30 07:18:07.000",112,1,"gps",NA,"767_137254371"
1149956777,48.068833,67.122583,0.79,33,"stopover",TRUE,"GPS",2013-09-14 18:27:53,"X767","X767","true",133992714,137254371,133992715,133992043,653,767,"Anser albifrons","fall-migration","Migration timing in white-fronted geese (data from Kölzsch et al. 2016)",NA,NA,NA,NA,NA,NA,NA,NA,NA,NA,NA,NA,NA,NA,NA,NA,NA,NA,"m",NA,"Anser albifrons","2013-09-05 18:33:37.000","2013-09-30 07:18:07.000",112,1,"gps",NA,"767_137254371"
1149956778,48.068917,67.122667,2.83,33,"stopover",TRUE,"GPS",2013-09-14 23:17:58,"X767","X767","true",133992714,137254371,133992715,133992043,653,767,"Anser albifrons","fall-migration","Migration timing in white-fronted geese (data from Kölzsch et al. 2016)",NA,NA,NA,NA,NA,NA,NA,NA,NA,NA,NA,NA,NA,NA,NA,NA,NA,NA,"m",NA,"Anser albifrons","2013-09-05 18:33:37.000","2013-09-30 07:18:07.000",112,1,"gps",NA,"767_137254371"
1149956779,48.102783,67.133833,1.08,58,"stopover",TRUE,"GPS",2013-09-15 01:49:55,"X767","X767","true",133992714,137254371,133992715,133992043,653,767,"Anser albifrons","fall-migration","Migration timing in white-fronted geese (data from Kölzsch et al. 2016)",NA,NA,NA,NA,NA,NA,NA,NA,NA,NA,NA,NA,NA,NA,NA,NA,NA,NA,"m",NA,"Anser albifrons","2013-09-05 18:33:37.000","2013-09-30 07:18:07.000",112,1,"gps",NA,"767_137254371"
1149956780,48.110133,67.129183,2.37,81,"stopover",TRUE,"GPS",2013-09-15 04:23:11,"X767","X767","true",133992714,137254371,133992715,133992043,653,767,"Anser albifrons","fall-migration","Migration timing in white-fronted geese (data from Kölzsch et al. 2016)",NA,NA,NA,NA,NA,NA,NA,NA,NA,NA,NA,NA,NA,NA,NA,NA,NA,NA,"m",NA,"Anser albifrons","2013-09-05 18:33:37.000","2013-09-30 07:18:07.000",112,1,"gps",NA,"767_137254371"
1149956781,48.08095,67.148,2.03,35,"stopover",TRUE,"GPS",2013-09-15 12:02:39,"X767","X767","true",133992714,137254371,133992715,133992043,653,767,"Anser albifrons","fall-migration","Migration timing in white-fronted geese (data from Kölzsch et al. 2016)",NA,NA,NA,NA,NA,NA,NA,NA,NA,NA,NA,NA,NA,NA,NA,NA,NA,NA,"m",NA,"Anser albifrons","2013-09-05 18:33:37.000","2013-09-30 07:18:07.000",112,1,"gps",NA,"767_137254371"
1149956782,48.116933,67.134383,1.1,30,"stopover",TRUE,"GPS",2013-09-15 14:20:22,"X767","X767","true",133992714,137254371,133992715,133992043,653,767,"Anser albifrons","fall-migration","Migration timing in white-fronted geese (data from Kölzsch et al. 2016)",NA,NA,NA,NA,NA,NA,NA,NA,NA,NA,NA,NA,NA,NA,NA,NA,NA,NA,"m",NA,"Anser albifrons","2013-09-05 18:33:37.000","2013-09-30 07:18:07.000",112,1,"gps",NA,"767_137254371"
1149956783,48.110267,67.133467,1.32,52,"stopover",TRUE,"GPS",2013-09-15 16:53:32,"X767","X767","true",133992714,137254371,133992715,133992043,653,767,"Anser albifrons","fall-migration","Migration timing in white-fronted geese (data from Kölzsch et al. 2016)",NA,NA,NA,NA,NA,NA,NA,NA,NA,NA,NA,NA,NA,NA,NA,NA,NA,NA,"m",NA,"Anser albifrons","2013-09-05 18:33:37.000","2013-09-30 07:18:07.000",112,1,"gps",NA,"767_137254371"
1149956784,48.038467,67.131033,1,59,"stopover",TRUE,"GPS",2013-09-15 19:10:47,"X767","X767","true",133992714,137254371,133992715,133992043,653,767,"Anser albifrons","fall-migration","Migration timing in white-fronted geese (data from Kölzsch et al. 2016)",NA,NA,NA,NA,NA,NA,NA,NA,NA,NA,NA,NA,NA,NA,NA,NA,NA,NA,"m",NA,"Anser albifrons","2013-09-05 18:33:37.000","2013-09-30 07:18:07.000",112,1,"gps",NA,"767_137254371"
1149956785,48.037367,67.131083,1.05,35,"stopover",TRUE,"GPS",2013-09-15 21:42:57,"X767","X767","true",133992714,137254371,133992715,133992043,653,767,"Anser albifrons","fall-migration","Migration timing in white-fronted geese (data from Kölzsch et al. 2016)",NA,NA,NA,NA,NA,NA,NA,NA,NA,NA,NA,NA,NA,NA,NA,NA,NA,NA,"m",NA,"Anser albifrons","2013-09-05 18:33:37.000","2013-09-30 07:18:07.000",112,1,"gps",NA,"767_137254371"
1149956786,48.037183,67.1311,1.09,42,"stopover",TRUE,"GPS",2013-09-16 00:00:24,"X767","X767","true",133992714,137254371,133992715,133992043,653,767,"Anser albifrons","fall-migration","Migration timing in white-fronted geese (data from Kölzsch et al. 2016)",NA,NA,NA,NA,NA,NA,NA,NA,NA,NA,NA,NA,NA,NA,NA,NA,NA,NA,"m",NA,"Anser albifrons","2013-09-05 18:33:37.000","2013-09-30 07:18:07.000",112,1,"gps",NA,"767_137254371"
1149956787,48.000883,67.127983,1.56,38,"stopover",TRUE,"GPS",2013-09-16 02:32:36,"X767","X767","true",133992714,137254371,133992715,133992043,653,767,"Anser albifrons","fall-migration","Migration timing in white-fronted geese (data from Kölzsch et al. 2016)",NA,NA,NA,NA,NA,NA,NA,NA,NA,NA,NA,NA,NA,NA,NA,NA,NA,NA,"m",NA,"Anser albifrons","2013-09-05 18:33:37.000","2013-09-30 07:18:07.000",112,1,"gps",NA,"767_137254371"
1149956788,48.02595,67.138733,1.79,23,"stopover",TRUE,"GPS",2013-09-16 04:50:13,"X767","X767","true",133992714,137254371,133992715,133992043,653,767,"Anser albifrons","fall-migration","Migration timing in white-fronted geese (data from Kölzsch et al. 2016)",NA,NA,NA,NA,NA,NA,NA,NA,NA,NA,NA,NA,NA,NA,NA,NA,NA,NA,"m",NA,"Anser albifrons","2013-09-05 18:33:37.000","2013-09-30 07:18:07.000",112,1,"gps",NA,"767_137254371"
1149956789,47.974783,67.141867,2.57,NA,"stopover",TRUE,"GPS",2013-09-16 07:23:11,"X767","X767","true",133992714,137254371,133992715,133992043,653,767,"Anser albifrons","fall-migration","Migration timing in white-fronted geese (data from Kölzsch et al. 2016)",NA,NA,NA,NA,NA,NA,NA,NA,NA,NA,NA,NA,NA,NA,NA,NA,NA,NA,"m",NA,"Anser albifrons","2013-09-05 18:33:37.000","2013-09-30 07:18:07.000",112,1,"gps",NA,"767_137254371"
1149956790,47.9684,67.141467,2.04,33,"stopover",TRUE,"GPS",2013-09-16 09:55:53,"X767","X767","true",133992714,137254371,133992715,133992043,653,767,"Anser albifrons","fall-migration","Migration timing in white-fronted geese (data from Kölzsch et al. 2016)",NA,NA,NA,NA,NA,NA,NA,NA,NA,NA,NA,NA,NA,NA,NA,NA,NA,NA,"m",NA,"Anser albifrons","2013-09-05 18:33:37.000","2013-09-30 07:18:07.000",112,1,"gps",NA,"767_137254371"
1149956791,47.970083,67.1375,1.11,31,"stopover",TRUE,"GPS",2013-09-16 12:15:38,"X767","X767","true",133992714,137254371,133992715,133992043,653,767,"Anser albifrons","fall-migration","Migration timing in white-fronted geese (data from Kölzsch et al. 2016)",NA,NA,NA,NA,NA,NA,NA,NA,NA,NA,NA,NA,NA,NA,NA,NA,NA,NA,"m",NA,"Anser albifrons","2013-09-05 18:33:37.000","2013-09-30 07:18:07.000",112,1,"gps",NA,"767_137254371"
1149956792,48.01745,67.127,3.34,47,"stopover",TRUE,"GPS",2013-09-16 14:47:21,"X767","X767","true",133992714,137254371,133992715,133992043,653,767,"Anser albifrons","fall-migration","Migration timing in white-fronted geese (data from Kölzsch et al. 2016)",NA,NA,NA,NA,NA,NA,NA,NA,NA,NA,NA,NA,NA,NA,NA,NA,NA,NA,"m",NA,"Anser albifrons","2013-09-05 18:33:37.000","2013-09-30 07:18:07.000",112,1,"gps",NA,"767_137254371"
1149956793,47.998083,67.1268,1.48,31,"stopover",TRUE,"GPS",2013-09-16 17:05:25,"X767","X767","true",133992714,137254371,133992715,133992043,653,767,"Anser albifrons","fall-migration","Migration timing in white-fronted geese (data from Kölzsch et al. 2016)",NA,NA,NA,NA,NA,NA,NA,NA,NA,NA,NA,NA,NA,NA,NA,NA,NA,NA,"m",NA,"Anser albifrons","2013-09-05 18:33:37.000","2013-09-30 07:18:07.000",112,1,"gps",NA,"767_137254371"
1149956794,47.998083,67.126833,0.87,43,"stopover",TRUE,"GPS",2013-09-16 19:37:40,"X767","X767","true",133992714,137254371,133992715,133992043,653,767,"Anser albifrons","fall-migration","Migration timing in white-fronted geese (data from Kölzsch et al. 2016)",NA,NA,NA,NA,NA,NA,NA,NA,NA,NA,NA,NA,NA,NA,NA,NA,NA,NA,"m",NA,"Anser albifrons","2013-09-05 18:33:37.000","2013-09-30 07:18:07.000",112,1,"gps",NA,"767_137254371"
1149956795,48.00045,67.125833,1.37,40,"stopover",TRUE,"GPS",2013-09-16 21:55:38,"X767","X767","true",133992714,137254371,133992715,133992043,653,767,"Anser albifrons","fall-migration","Migration timing in white-fronted geese (data from Kölzsch et al. 2016)",NA,NA,NA,NA,NA,NA,NA,NA,NA,NA,NA,NA,NA,NA,NA,NA,NA,NA,"m",NA,"Anser albifrons","2013-09-05 18:33:37.000","2013-09-30 07:18:07.000",112,1,"gps",NA,"767_137254371"
1149956796,48.000667,67.125733,1.44,40,"stopover",TRUE,"GPS",2013-09-17 00:27:14,"X767","X767","true",133992714,137254371,133992715,133992043,653,767,"Anser albifrons","fall-migration","Migration timing in white-fronted geese (data from Kölzsch et al. 2016)",NA,NA,NA,NA,NA,NA,NA,NA,NA,NA,NA,NA,NA,NA,NA,NA,NA,NA,"m",NA,"Anser albifrons","2013-09-05 18:33:37.000","2013-09-30 07:18:07.000",112,1,"gps",NA,"767_137254371"
1149956797,48.064233,67.12655,1.38,47,"stopover",TRUE,"GPS",2013-09-17 02:45:26,"X767","X767","true",133992714,137254371,133992715,133992043,653,767,"Anser albifrons","fall-migration","Migration timing in white-fronted geese (data from Kölzsch et al. 2016)",NA,NA,NA,NA,NA,NA,NA,NA,NA,NA,NA,NA,NA,NA,NA,NA,NA,NA,"m",NA,"Anser albifrons","2013-09-05 18:33:37.000","2013-09-30 07:18:07.000",112,1,"gps",NA,"767_137254371"
1149956798,48.078017,67.123317,1.96,39,"stopover",TRUE,"GPS",2013-09-17 05:18:02,"X767","X767","true",133992714,137254371,133992715,133992043,653,767,"Anser albifrons","fall-migration","Migration timing in white-fronted geese (data from Kölzsch et al. 2016)",NA,NA,NA,NA,NA,NA,NA,NA,NA,NA,NA,NA,NA,NA,NA,NA,NA,NA,"m",NA,"Anser albifrons","2013-09-05 18:33:37.000","2013-09-30 07:18:07.000",112,1,"gps",NA,"767_137254371"
1149956799,48.085833,67.122033,1.23,42,"stopover",TRUE,"GPS",2013-09-17 07:35:23,"X767","X767","true",133992714,137254371,133992715,133992043,653,767,"Anser albifrons","fall-migration","Migration timing in white-fronted geese (data from Kölzsch et al. 2016)",NA,NA,NA,NA,NA,NA,NA,NA,NA,NA,NA,NA,NA,NA,NA,NA,NA,NA,"m",NA,"Anser albifrons","2013-09-05 18:33:37.000","2013-09-30 07:18:07.000",112,1,"gps",NA,"767_137254371"
1149956800,48.073283,67.120867,1.25,27,"stopover",TRUE,"GPS",2013-09-17 17:18:07,"X767","X767","true",133992714,137254371,133992715,133992043,653,767,"Anser albifrons","fall-migration","Migration timing in white-fronted geese (data from Kölzsch et al. 2016)",NA,NA,NA,NA,NA,NA,NA,NA,NA,NA,NA,NA,NA,NA,NA,NA,NA,NA,"m",NA,"Anser albifrons","2013-09-05 18:33:37.000","2013-09-30 07:18:07.000",112,1,"gps",NA,"767_137254371"
1149956801,48.074517,67.1213,1.04,49,"stopover",TRUE,"GPS",2013-09-17 19:50:07,"X767","X767","true",133992714,137254371,133992715,133992043,653,767,"Anser albifrons","fall-migration","Migration timing in white-fronted geese (data from Kölzsch et al. 2016)",NA,NA,NA,NA,NA,NA,NA,NA,NA,NA,NA,NA,NA,NA,NA,NA,NA,NA,"m",NA,"Anser albifrons","2013-09-05 18:33:37.000","2013-09-30 07:18:07.000",112,1,"gps",NA,"767_137254371"
1149956802,48.07465,67.121267,0.91,38,"stopover",TRUE,"GPS",2013-09-17 22:07:40,"X767","X767","true",133992714,137254371,133992715,133992043,653,767,"Anser albifrons","fall-migration","Migration timing in white-fronted geese (data from Kölzsch et al. 2016)",NA,NA,NA,NA,NA,NA,NA,NA,NA,NA,NA,NA,NA,NA,NA,NA,NA,NA,"m",NA,"Anser albifrons","2013-09-05 18:33:37.000","2013-09-30 07:18:07.000",112,1,"gps",NA,"767_137254371"
1149956803,48.099767,67.133483,1.58,35,"stopover",TRUE,"GPS",2013-09-18 02:57:15,"X767","X767","true",133992714,137254371,133992715,133992043,653,767,"Anser albifrons","fall-migration","Migration timing in white-fronted geese (data from Kölzsch et al. 2016)",NA,NA,NA,NA,NA,NA,NA,NA,NA,NA,NA,NA,NA,NA,NA,NA,NA,NA,"m",NA,"Anser albifrons","2013-09-05 18:33:37.000","2013-09-30 07:18:07.000",112,1,"gps",NA,"767_137254371"
1149956804,48.101467,67.138833,4.24,34,"stopover",TRUE,"GPS",2013-09-18 07:48:28,"X767","X767","true",133992714,137254371,133992715,133992043,653,767,"Anser albifrons","fall-migration","Migration timing in white-fronted geese (data from Kölzsch et al. 2016)",NA,NA,NA,NA,NA,NA,NA,NA,NA,NA,NA,NA,NA,NA,NA,NA,NA,NA,"m",NA,"Anser albifrons","2013-09-05 18:33:37.000","2013-09-30 07:18:07.000",112,1,"gps",NA,"767_137254371"
1149956805,47.948517,67.14475,1.63,54,"stopover",TRUE,"GPS",2013-09-18 15:12:35,"X767","X767","true",133992714,137254371,133992715,133992043,653,767,"Anser albifrons","fall-migration","Migration timing in white-fronted geese (data from Kölzsch et al. 2016)",NA,NA,NA,NA,NA,NA,NA,NA,NA,NA,NA,NA,NA,NA,NA,NA,NA,NA,"m",NA,"Anser albifrons","2013-09-05 18:33:37.000","2013-09-30 07:18:07.000",112,1,"gps",NA,"767_137254371"
1149956806,47.980467,67.136133,0.91,45,"stopover",TRUE,"GPS",2013-09-18 22:35:27,"X767","X767","true",133992714,137254371,133992715,133992043,653,767,"Anser albifrons","fall-migration","Migration timing in white-fronted geese (data from Kölzsch et al. 2016)",NA,NA,NA,NA,NA,NA,NA,NA,NA,NA,NA,NA,NA,NA,NA,NA,NA,NA,"m",NA,"Anser albifrons","2013-09-05 18:33:37.000","2013-09-30 07:18:07.000",112,1,"gps",NA,"767_137254371"
1149956807,48.028133,67.145333,1.6,26,"stopover",TRUE,"GPS",2013-09-19 03:25:08,"X767","X767","true",133992714,137254371,133992715,133992043,653,767,"Anser albifrons","fall-migration","Migration timing in white-fronted geese (data from Kölzsch et al. 2016)",NA,NA,NA,NA,NA,NA,NA,NA,NA,NA,NA,NA,NA,NA,NA,NA,NA,NA,"m",NA,"Anser albifrons","2013-09-05 18:33:37.000","2013-09-30 07:18:07.000",112,1,"gps",NA,"767_137254371"
1149956808,47.934483,67.154067,1.62,33,"stopover",TRUE,"GPS",2013-09-19 10:33:06,"X767","X767","true",133992714,137254371,133992715,133992043,653,767,"Anser albifrons","fall-migration","Migration timing in white-fronted geese (data from Kölzsch et al. 2016)",NA,NA,NA,NA,NA,NA,NA,NA,NA,NA,NA,NA,NA,NA,NA,NA,NA,NA,"m",NA,"Anser albifrons","2013-09-05 18:33:37.000","2013-09-30 07:18:07.000",112,1,"gps",NA,"767_137254371"
1149956809,47.914183,67.164783,1.8,22,"stopover",TRUE,"GPS",2013-09-19 15:24:09,"X767","X767","true",133992714,137254371,133992715,133992043,653,767,"Anser albifrons","fall-migration","Migration timing in white-fronted geese (data from Kölzsch et al. 2016)",NA,NA,NA,NA,NA,NA,NA,NA,NA,NA,NA,NA,NA,NA,NA,NA,NA,NA,"m",NA,"Anser albifrons","2013-09-05 18:33:37.000","2013-09-30 07:18:07.000",112,1,"gps",NA,"767_137254371"
1149956810,47.923867,67.167967,1.3,16,"stopover",TRUE,"GPS",2013-09-19 17:55:58,"X767","X767","true",133992714,137254371,133992715,133992043,653,767,"Anser albifrons","fall-migration","Migration timing in white-fronted geese (data from Kölzsch et al. 2016)",NA,NA,NA,NA,NA,NA,NA,NA,NA,NA,NA,NA,NA,NA,NA,NA,NA,NA,"m",NA,"Anser albifrons","2013-09-05 18:33:37.000","2013-09-30 07:18:07.000",112,1,"gps",NA,"767_137254371"
1149956811,47.921783,67.1683,1.23,22,"stopover",TRUE,"GPS",2013-09-19 20:13:33,"X767","X767","true",133992714,137254371,133992715,133992043,653,767,"Anser albifrons","fall-migration","Migration timing in white-fronted geese (data from Kölzsch et al. 2016)",NA,NA,NA,NA,NA,NA,NA,NA,NA,NA,NA,NA,NA,NA,NA,NA,NA,NA,"m",NA,"Anser albifrons","2013-09-05 18:33:37.000","2013-09-30 07:18:07.000",112,1,"gps",NA,"767_137254371"
1149956812,47.922117,67.168033,0,0,"stopover",TRUE,"GPS",2013-09-19 22:45:10,"X767","X767","true",133992714,137254371,133992715,133992043,653,767,"Anser albifrons","fall-migration","Migration timing in white-fronted geese (data from Kölzsch et al. 2016)",NA,NA,NA,NA,NA,NA,NA,NA,NA,NA,NA,NA,NA,NA,NA,NA,NA,NA,"m",NA,"Anser albifrons","2013-09-05 18:33:37.000","2013-09-30 07:18:07.000",112,1,"gps",NA,"767_137254371"
1149956813,47.918667,67.166733,1.36,28,"stopover",TRUE,"GPS",2013-09-20 05:52:09,"X767","X767","true",133992714,137254371,133992715,133992043,653,767,"Anser albifrons","fall-migration","Migration timing in white-fronted geese (data from Kölzsch et al. 2016)",NA,NA,NA,NA,NA,NA,NA,NA,NA,NA,NA,NA,NA,NA,NA,NA,NA,NA,"m",NA,"Anser albifrons","2013-09-05 18:33:37.000","2013-09-30 07:18:07.000",112,1,"gps",NA,"767_137254371"
1149956814,47.9295,67.171183,3.52,30,"stopover",TRUE,"GPS",2013-09-20 08:26:08,"X767","X767","true",133992714,137254371,133992715,133992043,653,767,"Anser albifrons","fall-migration","Migration timing in white-fronted geese (data from Kölzsch et al. 2016)",NA,NA,NA,NA,NA,NA,NA,NA,NA,NA,NA,NA,NA,NA,NA,NA,NA,NA,"m",NA,"Anser albifrons","2013-09-05 18:33:37.000","2013-09-30 07:18:07.000",112,1,"gps",NA,"767_137254371"
1149956815,47.922833,67.173067,1.01,27,"stopover",TRUE,"GPS",2013-09-20 10:43:28,"X767","X767","true",133992714,137254371,133992715,133992043,653,767,"Anser albifrons","fall-migration","Migration timing in white-fronted geese (data from Kölzsch et al. 2016)",NA,NA,NA,NA,NA,NA,NA,NA,NA,NA,NA,NA,NA,NA,NA,NA,NA,NA,"m",NA,"Anser albifrons","2013-09-05 18:33:37.000","2013-09-30 07:18:07.000",112,1,"gps",NA,"767_137254371"
1149956816,47.9291,67.168783,1.61,73,"stopover",TRUE,"GPS",2013-09-20 13:16:18,"X767","X767","true",133992714,137254371,133992715,133992043,653,767,"Anser albifrons","fall-migration","Migration timing in white-fronted geese (data from Kölzsch et al. 2016)",NA,NA,NA,NA,NA,NA,NA,NA,NA,NA,NA,NA,NA,NA,NA,NA,NA,NA,"m",NA,"Anser albifrons","2013-09-05 18:33:37.000","2013-09-30 07:18:07.000",112,1,"gps",NA,"767_137254371"
1149956817,47.91075,67.173283,1.21,26,"stopover",TRUE,"GPS",2013-09-20 15:48:41,"X767","X767","true",133992714,137254371,133992715,133992043,653,767,"Anser albifrons","fall-migration","Migration timing in white-fronted geese (data from Kölzsch et al. 2016)",NA,NA,NA,NA,NA,NA,NA,NA,NA,NA,NA,NA,NA,NA,NA,NA,NA,NA,"m",NA,"Anser albifrons","2013-09-05 18:33:37.000","2013-09-30 07:18:07.000",112,1,"gps",NA,"767_137254371"
1149956818,47.90395,67.1721,1.29,23,"stopover",TRUE,"GPS",2013-09-20 18:06:17,"X767","X767","true",133992714,137254371,133992715,133992043,653,767,"Anser albifrons","fall-migration","Migration timing in white-fronted geese (data from Kölzsch et al. 2016)",NA,NA,NA,NA,NA,NA,NA,NA,NA,NA,NA,NA,NA,NA,NA,NA,NA,NA,"m",NA,"Anser albifrons","2013-09-05 18:33:37.000","2013-09-30 07:18:07.000",112,1,"gps",NA,"767_137254371"
1149956819,47.90405,67.172217,2.15,75,"stopover",TRUE,"GPS",2013-09-20 20:38:59,"X767","X767","true",133992714,137254371,133992715,133992043,653,767,"Anser albifrons","fall-migration","Migration timing in white-fronted geese (data from Kölzsch et al. 2016)",NA,NA,NA,NA,NA,NA,NA,NA,NA,NA,NA,NA,NA,NA,NA,NA,NA,NA,"m",NA,"Anser albifrons","2013-09-05 18:33:37.000","2013-09-30 07:18:07.000",112,1,"gps",NA,"767_137254371"
1149956820,47.90395,67.1721,2.36,NA,"stopover",TRUE,"GPS",2013-09-20 22:56:28,"X767","X767","true",133992714,137254371,133992715,133992043,653,767,"Anser albifrons","fall-migration","Migration timing in white-fronted geese (data from Kölzsch et al. 2016)",NA,NA,NA,NA,NA,NA,NA,NA,NA,NA,NA,NA,NA,NA,NA,NA,NA,NA,"m",NA,"Anser albifrons","2013-09-05 18:33:37.000","2013-09-30 07:18:07.000",112,1,"gps",NA,"767_137254371"
1149956821,47.9041,67.172083,1.77,22,"stopover",TRUE,"GPS",2013-09-21 01:28:55,"X767","X767","true",133992714,137254371,133992715,133992043,653,767,"Anser albifrons","fall-migration","Migration timing in white-fronted geese (data from Kölzsch et al. 2016)",NA,NA,NA,NA,NA,NA,NA,NA,NA,NA,NA,NA,NA,NA,NA,NA,NA,NA,"m",NA,"Anser albifrons","2013-09-05 18:33:37.000","2013-09-30 07:18:07.000",112,1,"gps",NA,"767_137254371"
1149956822,47.925633,67.180067,1.03,158,"stopover",TRUE,"GPS",2013-09-21 03:46:24,"X767","X767","true",133992714,137254371,133992715,133992043,653,767,"Anser albifrons","fall-migration","Migration timing in white-fronted geese (data from Kölzsch et al. 2016)",NA,NA,NA,NA,NA,NA,NA,NA,NA,NA,NA,NA,NA,NA,NA,NA,NA,NA,"m",NA,"Anser albifrons","2013-09-05 18:33:37.000","2013-09-30 07:18:07.000",112,1,"gps",NA,"767_137254371"
1149956823,47.928617,67.176017,1.82,35,"stopover",TRUE,"GPS",2013-09-21 06:18:52,"X767","X767","true",133992714,137254371,133992715,133992043,653,767,"Anser albifrons","fall-migration","Migration timing in white-fronted geese (data from Kölzsch et al. 2016)",NA,NA,NA,NA,NA,NA,NA,NA,NA,NA,NA,NA,NA,NA,NA,NA,NA,NA,"m",NA,"Anser albifrons","2013-09-05 18:33:37.000","2013-09-30 07:18:07.000",112,1,"gps",NA,"767_137254371"
1149956824,47.910567,67.1801,1.47,39,"stopover",TRUE,"GPS",2013-09-21 08:37:02,"X767","X767","true",133992714,137254371,133992715,133992043,653,767,"Anser albifrons","fall-migration","Migration timing in white-fronted geese (data from Kölzsch et al. 2016)",NA,NA,NA,NA,NA,NA,NA,NA,NA,NA,NA,NA,NA,NA,NA,NA,NA,NA,"m",NA,"Anser albifrons","2013-09-05 18:33:37.000","2013-09-30 07:18:07.000",112,1,"gps",NA,"767_137254371"
1149956825,48.004133,67.155217,1.44,35,"stopover",TRUE,"GPS",2013-09-21 11:08:49,"X767","X767","true",133992714,137254371,133992715,133992043,653,767,"Anser albifrons","fall-migration","Migration timing in white-fronted geese (data from Kölzsch et al. 2016)",NA,NA,NA,NA,NA,NA,NA,NA,NA,NA,NA,NA,NA,NA,NA,NA,NA,NA,"m",NA,"Anser albifrons","2013-09-05 18:33:37.000","2013-09-30 07:18:07.000",112,1,"gps",NA,"767_137254371"
1149956826,48.018267,67.155367,1.65,27,"stopover",TRUE,"GPS",2013-09-21 13:26:27,"X767","X767","true",133992714,137254371,133992715,133992043,653,767,"Anser albifrons","fall-migration","Migration timing in white-fronted geese (data from Kölzsch et al. 2016)",NA,NA,NA,NA,NA,NA,NA,NA,NA,NA,NA,NA,NA,NA,NA,NA,NA,NA,"m",NA,"Anser albifrons","2013-09-05 18:33:37.000","2013-09-30 07:18:07.000",112,1,"gps",NA,"767_137254371"
1149956827,47.991117,67.151117,1.14,NA,"stopover",TRUE,"GPS",2013-09-21 15:58:35,"X767","X767","true",133992714,137254371,133992715,133992043,653,767,"Anser albifrons","fall-migration","Migration timing in white-fronted geese (data from Kölzsch et al. 2016)",NA,NA,NA,NA,NA,NA,NA,NA,NA,NA,NA,NA,NA,NA,NA,NA,NA,NA,"m",NA,"Anser albifrons","2013-09-05 18:33:37.000","2013-09-30 07:18:07.000",112,1,"gps",NA,"767_137254371"
1149956828,47.991267,67.150917,1.17,38,"stopover",TRUE,"GPS",2013-09-21 18:16:29,"X767","X767","true",133992714,137254371,133992715,133992043,653,767,"Anser albifrons","fall-migration","Migration timing in white-fronted geese (data from Kölzsch et al. 2016)",NA,NA,NA,NA,NA,NA,NA,NA,NA,NA,NA,NA,NA,NA,NA,NA,NA,NA,"m",NA,"Anser albifrons","2013-09-05 18:33:37.000","2013-09-30 07:18:07.000",112,1,"gps",NA,"767_137254371"
1149956829,47.99095,67.150767,1.05,56,"stopover",TRUE,"GPS",2013-09-21 20:48:31,"X767","X767","true",133992714,137254371,133992715,133992043,653,767,"Anser albifrons","fall-migration","Migration timing in white-fronted geese (data from Kölzsch et al. 2016)",NA,NA,NA,NA,NA,NA,NA,NA,NA,NA,NA,NA,NA,NA,NA,NA,NA,NA,"m",NA,"Anser albifrons","2013-09-05 18:33:37.000","2013-09-30 07:18:07.000",112,1,"gps",NA,"767_137254371"
1149956830,47.9872,67.145867,0.95,37,"stopover",TRUE,"GPS",2013-09-21 23:06:32,"X767","X767","true",133992714,137254371,133992715,133992043,653,767,"Anser albifrons","fall-migration","Migration timing in white-fronted geese (data from Kölzsch et al. 2016)",NA,NA,NA,NA,NA,NA,NA,NA,NA,NA,NA,NA,NA,NA,NA,NA,NA,NA,"m",NA,"Anser albifrons","2013-09-05 18:33:37.000","2013-09-30 07:18:07.000",112,1,"gps",NA,"767_137254371"
1149956831,47.987383,67.1467,1.57,23,"stopover",TRUE,"GPS",2013-09-22 01:37:55,"X767","X767","true",133992714,137254371,133992715,133992043,653,767,"Anser albifrons","fall-migration","Migration timing in white-fronted geese (data from Kölzsch et al. 2016)",NA,NA,NA,NA,NA,NA,NA,NA,NA,NA,NA,NA,NA,NA,NA,NA,NA,NA,"m",NA,"Anser albifrons","2013-09-05 18:33:37.000","2013-09-30 07:18:07.000",112,1,"gps",NA,"767_137254371"
1149956832,47.9267,67.125367,0.88,29,"stopover",TRUE,"GPS",2013-09-22 10:31:10,"X767","X767","true",133992714,137254371,133992715,133992043,653,767,"Anser albifrons","fall-migration","Migration timing in white-fronted geese (data from Kölzsch et al. 2016)",NA,NA,NA,NA,NA,NA,NA,NA,NA,NA,NA,NA,NA,NA,NA,NA,NA,NA,"m",NA,"Anser albifrons","2013-09-05 18:33:37.000","2013-09-30 07:18:07.000",112,1,"gps",NA,"767_137254371"
1149956833,47.932,67.122533,3.11,0,"stopover",TRUE,"GPS",2013-09-23 08:35:17,"X767","X767","true",133992714,137254371,133992715,133992043,653,767,"Anser albifrons","fall-migration","Migration timing in white-fronted geese (data from Kölzsch et al. 2016)",NA,NA,NA,NA,NA,NA,NA,NA,NA,NA,NA,NA,NA,NA,NA,NA,NA,NA,"m",NA,"Anser albifrons","2013-09-05 18:33:37.000","2013-09-30 07:18:07.000",112,1,"gps",NA,"767_137254371"
1149956834,46.073367,66.650317,1.11,20,"stopover",TRUE,"GPS",2013-09-24 06:53:02,"X767","X767","true",133992714,137254371,133992715,133992043,653,767,"Anser albifrons","fall-migration","Migration timing in white-fronted geese (data from Kölzsch et al. 2016)",NA,NA,NA,NA,NA,NA,NA,NA,NA,NA,NA,NA,NA,NA,NA,NA,NA,NA,"m",NA,"Anser albifrons","2013-09-05 18:33:37.000","2013-09-30 07:18:07.000",112,1,"gps",NA,"767_137254371"
1149956835,46.075717,66.649483,1.17,20,"stopover",TRUE,"GPS",2013-09-24 09:39:55,"X767","X767","true",133992714,137254371,133992715,133992043,653,767,"Anser albifrons","fall-migration","Migration timing in white-fronted geese (data from Kölzsch et al. 2016)",NA,NA,NA,NA,NA,NA,NA,NA,NA,NA,NA,NA,NA,NA,NA,NA,NA,NA,"m",NA,"Anser albifrons","2013-09-05 18:33:37.000","2013-09-30 07:18:07.000",112,1,"gps",NA,"767_137254371"
1149956836,46.077033,66.650133,1.29,47,"stopover",TRUE,"GPS",2013-09-24 12:13:02,"X767","X767","true",133992714,137254371,133992715,133992043,653,767,"Anser albifrons","fall-migration","Migration timing in white-fronted geese (data from Kölzsch et al. 2016)",NA,NA,NA,NA,NA,NA,NA,NA,NA,NA,NA,NA,NA,NA,NA,NA,NA,NA,"m",NA,"Anser albifrons","2013-09-05 18:33:37.000","2013-09-30 07:18:07.000",112,1,"gps",NA,"767_137254371"
1149956837,46.07775,66.64735,0.94,17,"stopover",TRUE,"GPS",2013-09-24 16:31:17,"X767","X767","true",133992714,137254371,133992715,133992043,653,767,"Anser albifrons","fall-migration","Migration timing in white-fronted geese (data from Kölzsch et al. 2016)",NA,NA,NA,NA,NA,NA,NA,NA,NA,NA,NA,NA,NA,NA,NA,NA,NA,NA,"m",NA,"Anser albifrons","2013-09-05 18:33:37.000","2013-09-30 07:18:07.000",112,1,"gps",NA,"767_137254371"
1149956838,46.07785,66.64755,1.33,21,"stopover",TRUE,"GPS",2013-09-24 19:33:17,"X767","X767","true",133992714,137254371,133992715,133992043,653,767,"Anser albifrons","fall-migration","Migration timing in white-fronted geese (data from Kölzsch et al. 2016)",NA,NA,NA,NA,NA,NA,NA,NA,NA,NA,NA,NA,NA,NA,NA,NA,NA,NA,"m",NA,"Anser albifrons","2013-09-05 18:33:37.000","2013-09-30 07:18:07.000",112,1,"gps",NA,"767_137254371"
1149956839,46.077783,66.64765,1.15,46,"stopover",TRUE,"GPS",2013-09-24 21:50:31,"X767","X767","true",133992714,137254371,133992715,133992043,653,767,"Anser albifrons","fall-migration","Migration timing in white-fronted geese (data from Kölzsch et al. 2016)",NA,NA,NA,NA,NA,NA,NA,NA,NA,NA,NA,NA,NA,NA,NA,NA,NA,NA,"m",NA,"Anser albifrons","2013-09-05 18:33:37.000","2013-09-30 07:18:07.000",112,1,"gps",NA,"767_137254371"
1149956840,46.104333,66.647683,1.4,13,"stopover",TRUE,"GPS",2013-09-26 11:43:49,"X767","X767","true",133992714,137254371,133992715,133992043,653,767,"Anser albifrons","fall-migration","Migration timing in white-fronted geese (data from Kölzsch et al. 2016)",NA,NA,NA,NA,NA,NA,NA,NA,NA,NA,NA,NA,NA,NA,NA,NA,NA,NA,"m",NA,"Anser albifrons","2013-09-05 18:33:37.000","2013-09-30 07:18:07.000",112,1,"gps",NA,"767_137254371"
1149956841,46.084817,66.636133,1.17,24,"stopover",TRUE,"GPS",2013-09-27 11:02:43,"X767","X767","true",133992714,137254371,133992715,133992043,653,767,"Anser albifrons","fall-migration","Migration timing in white-fronted geese (data from Kölzsch et al. 2016)",NA,NA,NA,NA,NA,NA,NA,NA,NA,NA,NA,NA,NA,NA,NA,NA,NA,NA,"m",NA,"Anser albifrons","2013-09-05 18:33:37.000","2013-09-30 07:18:07.000",112,1,"gps",NA,"767_137254371"
1149956842,34.900833,63.02455,1.54,424,"flight",TRUE,"GPS",2013-09-28 10:05:57,"X767","X767","true",133992714,137254371,133992715,133992043,653,767,"Anser albifrons","fall-migration","Migration timing in white-fronted geese (data from Kölzsch et al. 2016)",NA,NA,NA,NA,NA,NA,NA,NA,NA,NA,NA,NA,NA,NA,NA,NA,NA,NA,"m",NA,"Anser albifrons","2013-09-05 18:33:37.000","2013-09-30 07:18:07.000",112,1,"gps",NA,"767_137254371"
1149956843,15.06605,53.406783,1.13,520,"flight",TRUE,"GPS",2013-09-29 07:08:08,"X767","X767","true",133992714,137254371,133992715,133992043,653,767,"Anser albifrons","fall-migration","Migration timing in white-fronted geese (data from Kölzsch et al. 2016)",NA,NA,NA,NA,NA,NA,NA,NA,NA,NA,NA,NA,NA,NA,NA,NA,NA,NA,"m",NA,"Anser albifrons","2013-09-05 18:33:37.000","2013-09-30 07:18:07.000",112,1,"gps",NA,"767_137254371"
1149956844,11.9364,52.787583,1.57,698,"flight",TRUE,"GPS",2013-09-29 09:25:43,"X767","X767","true",133992714,137254371,133992715,133992043,653,767,"Anser albifrons","fall-migration","Migration timing in white-fronted geese (data from Kölzsch et al. 2016)",NA,NA,NA,NA,NA,NA,NA,NA,NA,NA,NA,NA,NA,NA,NA,NA,NA,NA,"m",NA,"Anser albifrons","2013-09-05 18:33:37.000","2013-09-30 07:18:07.000",112,1,"gps",NA,"767_137254371"
1149956845,7.85525,52.870017,1.48,1078,"flight",TRUE,"GPS",2013-09-29 11:57:46,"X767","X767","true",133992714,137254371,133992715,133992043,653,767,"Anser albifrons","fall-migration","Migration timing in white-fronted geese (data from Kölzsch et al. 2016)",NA,NA,NA,NA,NA,NA,NA,NA,NA,NA,NA,NA,NA,NA,NA,NA,NA,NA,"m",NA,"Anser albifrons","2013-09-05 18:33:37.000","2013-09-30 07:18:07.000",112,1,"gps",NA,"767_137254371"
1149956846,6.06705,51.934167,1.74,145,"flight",TRUE,"GPS",2013-09-29 14:15:36,"X767","X767","true",133992714,137254371,133992715,133992043,653,767,"Anser albifrons","fall-migration","Migration timing in white-fronted geese (data from Kölzsch et al. 2016)",NA,NA,NA,NA,NA,NA,NA,NA,NA,NA,NA,NA,NA,NA,NA,NA,NA,NA,"m",NA,"Anser albifrons","2013-09-05 18:33:37.000","2013-09-30 07:18:07.000",112,1,"gps",NA,"767_137254371"
1149956847,4.638767,52.7978,2.28,NA,"flight",TRUE,"GPS",2013-09-29 16:48:04,"X767","X767","true",133992714,137254371,133992715,133992043,653,767,"Anser albifrons","fall-migration","Migration timing in white-fronted geese (data from Kölzsch et al. 2016)",NA,NA,NA,NA,NA,NA,NA,NA,NA,NA,NA,NA,NA,NA,NA,NA,NA,NA,"m",NA,"Anser albifrons","2013-09-05 18:33:37.000","2013-09-30 07:18:07.000",112,1,"gps",NA,"767_137254371"
1149956848,4.739267,53.004983,1,NA,"flight",TRUE,"GPS",2013-09-29 19:06:02,"X767","X767","true",133992714,137254371,133992715,133992043,653,767,"Anser albifrons","fall-migration","Migration timing in white-fronted geese (data from Kölzsch et al. 2016)",NA,NA,NA,NA,NA,NA,NA,NA,NA,NA,NA,NA,NA,NA,NA,NA,NA,NA,"m",NA,"Anser albifrons","2013-09-05 18:33:37.000","2013-09-30 07:18:07.000",112,1,"gps",NA,"767_137254371"
1149956849,4.7405,53.004917,2.2,NA,"flight",TRUE,"GPS",2013-09-29 21:38:25,"X767","X767","true",133992714,137254371,133992715,133992043,653,767,"Anser albifrons","fall-migration","Migration timing in white-fronted geese (data from Kölzsch et al. 2016)",NA,NA,NA,NA,NA,NA,NA,NA,NA,NA,NA,NA,NA,NA,NA,NA,NA,NA,"m",NA,"Anser albifrons","2013-09-05 18:33:37.000","2013-09-30 07:18:07.000",112,1,"gps",NA,"767_137254371"
1149956850,4.740633,53.0048,1.43,NA,"flight",TRUE,"GPS",2013-09-29 23:56:06,"X767","X767","true",133992714,137254371,133992715,133992043,653,767,"Anser albifrons","fall-migration","Migration timing in white-fronted geese (data from Kölzsch et al. 2016)",NA,NA,NA,NA,NA,NA,NA,NA,NA,NA,NA,NA,NA,NA,NA,NA,NA,NA,"m",NA,"Anser albifrons","2013-09-05 18:33:37.000","2013-09-30 07:18:07.000",112,1,"gps",NA,"767_137254371"
1149956851,4.740617,53.0049,1.02,0,"flight",TRUE,"GPS",2013-09-30 02:28:15,"X767","X767","true",133992714,137254371,133992715,133992043,653,767,"Anser albifrons","fall-migration","Migration timing in white-fronted geese (data from Kölzsch et al. 2016)",NA,NA,NA,NA,NA,NA,NA,NA,NA,NA,NA,NA,NA,NA,NA,NA,NA,NA,"m",NA,"Anser albifrons","2013-09-05 18:33:37.000","2013-09-30 07:18:07.000",112,1,"gps",NA,"767_137254371"
1149956852,4.742017,53.000917,2.29,47,"flight",TRUE,"GPS",2013-09-30 04:46:08,"X767","X767","true",133992714,137254371,133992715,133992043,653,767,"Anser albifrons","fall-migration","Migration timing in white-fronted geese (data from Kölzsch et al. 2016)",NA,NA,NA,NA,NA,NA,NA,NA,NA,NA,NA,NA,NA,NA,NA,NA,NA,NA,"m",NA,"Anser albifrons","2013-09-05 18:33:37.000","2013-09-30 07:18:07.000",112,1,"gps",NA,"767_137254371"
1149956853,4.965467,52.92255,2.31,NA,"winter",TRUE,"GPS",2013-09-30 07:18:07,"X767","X767","true",133992714,137254371,133992715,133992043,653,767,"Anser albifrons","fall-migration","Migration timing in white-fronted geese (data from Kölzsch et al. 2016)",NA,NA,NA,NA,NA,NA,NA,NA,NA,NA,NA,NA,NA,NA,NA,NA,NA,NA,"m",NA,"Anser albifrons","2013-09-05 18:33:37.000","2013-09-30 07:18:07.000",112,1,"gps",NA,"767_137254371"
