event.id,heading,height.above.ellipsoid,migration.stage,optional,sensor,timestamps,trackId,individual.local.identifier,visible,individual.id,deployment.id,tag.id,study.id,sensor.type.id,tag.local.identifier,individual.taxon.canonical.name,migration.stage.standard,study.name,birth.hatch.latitude,birth.hatch.longitude,comments,death.comments,earliest.date.born,exact.date.of.birth,group.id,latest.date.born,marker.id,mates,mortality.date,mortality.latitude,mortality.longitude,mortality.type,nick.name,offspring,parents,ring.id,sex,siblings,taxon.canonical.name,timestamp.start,timestamp.end,number.of.events,number.of.deployments,sensor.type.ids,taxon.detail,animalName,geometry,location.long,location.lat
1149956742,0.97,62.0,breedmoult,True,GPS,2013-09-05 18:33:37,X767,X767,True,133992714,137254371,133992715,133992043,653,767,Anser albifrons,fall-migration,Migration timing in white-fronted geese (data from Kölzsch et al. 2016),,,,,,,,,,,,,,,,,,,m,,Anser albifrons,2013-09-05 18:33:37.000,2013-09-30 07:18:07.000,112,1,gps,,767_137254371,POINT (48.8026 69.170417),48.8026,69.170417
1149956743,2.17,75.0,flight,True,GPS,2013-09-06 04:13:48,X767,X767,True,133992714,137254371,133992715,133992043,653,767,Anser albifrons,fall-migration,Migration timing in white-fronted geese (data from Kölzsch et al. 2016),,,,,,,,,,,,,,,,,,,m,,Anser albifrons,2013-09-05 18:33:37.000,2013-09-30 07:18:07.000,112,1,gps,,767_137254371,POINT (48.68415 69.043233),48.68415,69.043233
1149956744,1.24,19.0,flight,True,GPS,2013-09-06 09:04:25,X767,X767,True,133992714,137254371,133992715,133992043,653,767,Anser albifrons,fall-migration,Migration timing in white-fronted geese (data from Kölzsch et al. 2016),,,,,,,,,,,,,,,,,,,m,,Anser albifrons,2013-09-05 18:33:37.000,2013-09-30 07:18:07.000,112,1,gps,,767_137254371,POINT (48.65505 68.895067),48.65505,68.895067
1149956745,1.25,29.0,flight,True,GPS,2013-09-06 11:22:40,X767,X767,True,133992714,137254371,133992715,133992043,653,767,Anser albifrons,fall-migration,Migration timing in white-fronted geese (data from Kölzsch et al. 2016),,,,,,,,,,,,,,,,,,,m,,Anser albifrons,2013-09-05 18:33:37.000,2013-09-30 07:18:07.000,112,1,gps,,767_137254371,POINT (48.977183 68.774433),48.977183,68.774433
1149956746,2.49,31.0,flight,True,GPS,2013-09-06 16:28:03,X767,X767,True,133992714,137254371,133992715,133992043,653,767,Anser albifrons,fall-migration,Migration timing in white-fronted geese (data from Kölzsch et al. 2016),,,,,,,,,,,,,,,,,,,m,,Anser albifrons,2013-09-05 18:33:37.000,2013-09-30 07:18:07.000,112,1,gps,,767_137254371,POINT (50.423867 68.201467),50.423867,68.201467
1149956747,1.28,,flight,True,GPS,2013-09-06 19:00:22,X767,X767,True,133992714,137254371,133992715,133992043,653,767,Anser albifrons,fall-migration,Migration timing in white-fronted geese (data from Kölzsch et al. 2016),,,,,,,,,,,,,,,,,,,m,,Anser albifrons,2013-09-05 18:33:37.000,2013-09-30 07:18:07.000,112,1,gps,,767_137254371,POINT (50.42385 68.201467),50.42385,68.201467
1149956748,1.26,,flight,True,GPS,2013-09-06 23:50:25,X767,X767,True,133992714,137254371,133992715,133992043,653,767,Anser albifrons,fall-migration,Migration timing in white-fronted geese (data from Kölzsch et al. 2016),,,,,,,,,,,,,,,,,,,m,,Anser albifrons,2013-09-05 18:33:37.000,2013-09-30 07:18:07.000,112,1,gps,,767_137254371,POINT (50.424317 68.201283),50.424317,68.201283
1149956749,1.67,30.0,flight,True,GPS,2013-09-07 04:40:36,X767,X767,True,133992714,137254371,133992715,133992043,653,767,Anser albifrons,fall-migration,Migration timing in white-fronted geese (data from Kölzsch et al. 2016),,,,,,,,,,,,,,,,,,,m,,Anser albifrons,2013-09-05 18:33:37.000,2013-09-30 07:18:07.000,112,1,gps,,767_137254371,POINT (50.349417 68.099467),50.349417,68.099467
1149956750,1.51,73.0,flight,True,GPS,2013-09-07 06:58:29,X767,X767,True,133992714,137254371,133992715,133992043,653,767,Anser albifrons,fall-migration,Migration timing in white-fronted geese (data from Kölzsch et al. 2016),,,,,,,,,,,,,,,,,,,m,,Anser albifrons,2013-09-05 18:33:37.000,2013-09-30 07:18:07.000,112,1,gps,,767_137254371,POINT (50.353683 68.097067),50.353683,68.097067
1149956751,1.45,33.0,flight,True,GPS,2013-09-07 09:31:37,X767,X767,True,133992714,137254371,133992715,133992043,653,767,Anser albifrons,fall-migration,Migration timing in white-fronted geese (data from Kölzsch et al. 2016),,,,,,,,,,,,,,,,,,,m,,Anser albifrons,2013-09-05 18:33:37.000,2013-09-30 07:18:07.000,112,1,gps,,767_137254371,POINT (50.336767 68.101917),50.336767,68.101917
1149956752,2.3,42.0,flight,True,GPS,2013-09-07 12:05:16,X767,X767,True,133992714,137254371,133992715,133992043,653,767,Anser albifrons,fall-migration,Migration timing in white-fronted geese (data from Kölzsch et al. 2016),,,,,,,,,,,,,,,,,,,m,,Anser albifrons,2013-09-05 18:33:37.000,2013-09-30 07:18:07.000,112,1,gps,,767_137254371,POINT (50.333933 68.103833),50.333933,68.103833
1149956753,1.25,23.0,flight,True,GPS,2013-09-08 03:05:46,X767,X767,True,133992714,137254371,133992715,133992043,653,767,Anser albifrons,fall-migration,Migration timing in white-fronted geese (data from Kölzsch et al. 2016),,,,,,,,,,,,,,,,,,,m,,Anser albifrons,2013-09-05 18:33:37.000,2013-09-30 07:18:07.000,112,1,gps,,767_137254371,POINT (50.221383 68.03965),50.221383,68.03965
1149956754,1.26,19.0,flight,True,GPS,2013-09-08 07:56:00,X767,X767,True,133992714,137254371,133992715,133992043,653,767,Anser albifrons,fall-migration,Migration timing in white-fronted geese (data from Kölzsch et al. 2016),,,,,,,,,,,,,,,,,,,m,,Anser albifrons,2013-09-05 18:33:37.000,2013-09-30 07:18:07.000,112,1,gps,,767_137254371,POINT (50.225233 68.038133),50.225233,68.038133
1149956755,1.8,94.0,flight,True,GPS,2013-09-08 10:14:09,X767,X767,True,133992714,137254371,133992715,133992043,653,767,Anser albifrons,fall-migration,Migration timing in white-fronted geese (data from Kölzsch et al. 2016),,,,,,,,,,,,,,,,,,,m,,Anser albifrons,2013-09-05 18:33:37.000,2013-09-30 07:18:07.000,112,1,gps,,767_137254371,POINT (49.92305 67.798317),49.92305,67.798317
1149956756,0.77,46.0,stopover,True,GPS,2013-09-08 22:40:44,X767,X767,True,133992714,137254371,133992715,133992043,653,767,Anser albifrons,fall-migration,Migration timing in white-fronted geese (data from Kölzsch et al. 2016),,,,,,,,,,,,,,,,,,,m,,Anser albifrons,2013-09-05 18:33:37.000,2013-09-30 07:18:07.000,112,1,gps,,767_137254371,POINT (48.118117 67.25725),48.118117,67.25725
1149956757,1.25,26.0,stopover,True,GPS,2013-09-09 13:26:25,X767,X767,True,133992714,137254371,133992715,133992043,653,767,Anser albifrons,fall-migration,Migration timing in white-fronted geese (data from Kölzsch et al. 2016),,,,,,,,,,,,,,,,,,,m,,Anser albifrons,2013-09-05 18:33:37.000,2013-09-30 07:18:07.000,112,1,gps,,767_137254371,POINT (48.085683 67.254933),48.085683,67.254933
1149956758,0.84,38.0,stopover,True,GPS,2013-09-09 20:34:38,X767,X767,True,133992714,137254371,133992715,133992043,653,767,Anser albifrons,fall-migration,Migration timing in white-fronted geese (data from Kölzsch et al. 2016),,,,,,,,,,,,,,,,,,,m,,Anser albifrons,2013-09-05 18:33:37.000,2013-09-30 07:18:07.000,112,1,gps,,767_137254371,POINT (47.983217 67.121633),47.983217,67.121633
1149956759,1.61,39.0,stopover,True,GPS,2013-09-10 06:59:59,X767,X767,True,133992714,137254371,133992715,133992043,653,767,Anser albifrons,fall-migration,Migration timing in white-fronted geese (data from Kölzsch et al. 2016),,,,,,,,,,,,,,,,,,,m,,Anser albifrons,2013-09-05 18:33:37.000,2013-09-30 07:18:07.000,112,1,gps,,767_137254371,POINT (47.97325 67.125867),47.97325,67.125867
1149956760,2.07,91.0,stopover,True,GPS,2013-09-10 09:32:20,X767,X767,True,133992714,137254371,133992715,133992043,653,767,Anser albifrons,fall-migration,Migration timing in white-fronted geese (data from Kölzsch et al. 2016),,,,,,,,,,,,,,,,,,,m,,Anser albifrons,2013-09-05 18:33:37.000,2013-09-30 07:18:07.000,112,1,gps,,767_137254371,POINT (47.975883 67.125367),47.975883,67.125367
1149956761,0.88,28.0,stopover,True,GPS,2013-09-10 11:50:45,X767,X767,True,133992714,137254371,133992715,133992043,653,767,Anser albifrons,fall-migration,Migration timing in white-fronted geese (data from Kölzsch et al. 2016),,,,,,,,,,,,,,,,,,,m,,Anser albifrons,2013-09-05 18:33:37.000,2013-09-30 07:18:07.000,112,1,gps,,767_137254371,POINT (47.974367 67.11255),47.974367,67.11255
1149956762,1.35,17.0,stopover,True,GPS,2013-09-10 14:23:49,X767,X767,True,133992714,137254371,133992715,133992043,653,767,Anser albifrons,fall-migration,Migration timing in white-fronted geese (data from Kölzsch et al. 2016),,,,,,,,,,,,,,,,,,,m,,Anser albifrons,2013-09-05 18:33:37.000,2013-09-30 07:18:07.000,112,1,gps,,767_137254371,POINT (47.98535 67.131067),47.98535,67.131067
1149956763,1.09,34.0,stopover,True,GPS,2013-09-10 16:41:48,X767,X767,True,133992714,137254371,133992715,133992043,653,767,Anser albifrons,fall-migration,Migration timing in white-fronted geese (data from Kölzsch et al. 2016),,,,,,,,,,,,,,,,,,,m,,Anser albifrons,2013-09-05 18:33:37.000,2013-09-30 07:18:07.000,112,1,gps,,767_137254371,POINT (48.09425 67.11545),48.09425,67.11545
1149956764,0.88,41.0,stopover,True,GPS,2013-09-10 19:14:38,X767,X767,True,133992714,137254371,133992715,133992043,653,767,Anser albifrons,fall-migration,Migration timing in white-fronted geese (data from Kölzsch et al. 2016),,,,,,,,,,,,,,,,,,,m,,Anser albifrons,2013-09-05 18:33:37.000,2013-09-30 07:18:07.000,112,1,gps,,767_137254371,POINT (48.09345 67.114933),48.09345,67.114933
1149956765,0.94,40.0,stopover,True,GPS,2013-09-11 00:03:59,X767,X767,True,133992714,137254371,133992715,133992043,653,767,Anser albifrons,fall-migration,Migration timing in white-fronted geese (data from Kölzsch et al. 2016),,,,,,,,,,,,,,,,,,,m,,Anser albifrons,2013-09-05 18:33:37.000,2013-09-30 07:18:07.000,112,1,gps,,767_137254371,POINT (48.093267 67.115033),48.093267,67.115033
1149956766,1.46,32.0,stopover,True,GPS,2013-09-11 02:36:13,X767,X767,True,133992714,137254371,133992715,133992043,653,767,Anser albifrons,fall-migration,Migration timing in white-fronted geese (data from Kölzsch et al. 2016),,,,,,,,,,,,,,,,,,,m,,Anser albifrons,2013-09-05 18:33:37.000,2013-09-30 07:18:07.000,112,1,gps,,767_137254371,POINT (48.1035 67.1113),48.1035,67.1113
1149956767,1.0,50.0,stopover,True,GPS,2013-09-11 04:54:00,X767,X767,True,133992714,137254371,133992715,133992043,653,767,Anser albifrons,fall-migration,Migration timing in white-fronted geese (data from Kölzsch et al. 2016),,,,,,,,,,,,,,,,,,,m,,Anser albifrons,2013-09-05 18:33:37.000,2013-09-30 07:18:07.000,112,1,gps,,767_137254371,POINT (48.09835 67.11525),48.09835,67.11525
1149956768,1.0,50.0,stopover,True,GPS,2013-09-11 14:35:46,X767,X767,True,133992714,137254371,133992715,133992043,653,767,Anser albifrons,fall-migration,Migration timing in white-fronted geese (data from Kölzsch et al. 2016),,,,,,,,,,,,,,,,,,,m,,Anser albifrons,2013-09-05 18:33:37.000,2013-09-30 07:18:07.000,112,1,gps,,767_137254371,POINT (48.174467 67.127517),48.174467,67.127517
1149956769,1.63,63.0,stopover,True,GPS,2013-09-12 00:16:33,X767,X767,True,133992714,137254371,133992715,133992043,653,767,Anser albifrons,fall-migration,Migration timing in white-fronted geese (data from Kölzsch et al. 2016),,,,,,,,,,,,,,,,,,,m,,Anser albifrons,2013-09-05 18:33:37.000,2013-09-30 07:18:07.000,112,1,gps,,767_137254371,POINT (48.215183 67.12515),48.215183,67.12515
1149956770,0.95,55.0,stopover,True,GPS,2013-09-12 05:06:38,X767,X767,True,133992714,137254371,133992715,133992043,653,767,Anser albifrons,fall-migration,Migration timing in white-fronted geese (data from Kölzsch et al. 2016),,,,,,,,,,,,,,,,,,,m,,Anser albifrons,2013-09-05 18:33:37.000,2013-09-30 07:18:07.000,112,1,gps,,767_137254371,POINT (48.17075 67.12185),48.17075,67.12185
1149956771,1.7,45.0,stopover,True,GPS,2013-09-12 14:47:18,X767,X767,True,133992714,137254371,133992715,133992043,653,767,Anser albifrons,fall-migration,Migration timing in white-fronted geese (data from Kölzsch et al. 2016),,,,,,,,,,,,,,,,,,,m,,Anser albifrons,2013-09-05 18:33:37.000,2013-09-30 07:18:07.000,112,1,gps,,767_137254371,POINT (48.207233 67.12955),48.207233,67.12955
1149956772,1.83,,stopover,True,GPS,2013-09-13 15:13:04,X767,X767,True,133992714,137254371,133992715,133992043,653,767,Anser albifrons,fall-migration,Migration timing in white-fronted geese (data from Kölzsch et al. 2016),,,,,,,,,,,,,,,,,,,m,,Anser albifrons,2013-09-05 18:33:37.000,2013-09-30 07:18:07.000,112,1,gps,,767_137254371,POINT (48.112517 67.12295),48.112517,67.12295
1149956773,0.0,0.0,stopover,True,GPS,2013-09-14 00:52:45,X767,X767,True,133992714,137254371,133992715,133992043,653,767,Anser albifrons,fall-migration,Migration timing in white-fronted geese (data from Kölzsch et al. 2016),,,,,,,,,,,,,,,,,,,m,,Anser albifrons,2013-09-05 18:33:37.000,2013-09-30 07:18:07.000,112,1,gps,,767_137254371,POINT (48.136633 67.120883),48.136633,67.120883
1149956774,1.71,38.0,stopover,True,GPS,2013-09-14 03:10:20,X767,X767,True,133992714,137254371,133992715,133992043,653,767,Anser albifrons,fall-migration,Migration timing in white-fronted geese (data from Kölzsch et al. 2016),,,,,,,,,,,,,,,,,,,m,,Anser albifrons,2013-09-05 18:33:37.000,2013-09-30 07:18:07.000,112,1,gps,,767_137254371,POINT (48.1427 67.1127),48.1427,67.1127
1149956775,1.56,61.0,stopover,True,GPS,2013-09-14 11:04:19,X767,X767,True,133992714,137254371,133992715,133992043,653,767,Anser albifrons,fall-migration,Migration timing in white-fronted geese (data from Kölzsch et al. 2016),,,,,,,,,,,,,,,,,,,m,,Anser albifrons,2013-09-05 18:33:37.000,2013-09-30 07:18:07.000,112,1,gps,,767_137254371,POINT (48.082483 67.1415),48.082483,67.1415
1149956776,1.42,28.0,stopover,True,GPS,2013-09-14 13:37:41,X767,X767,True,133992714,137254371,133992715,133992043,653,767,Anser albifrons,fall-migration,Migration timing in white-fronted geese (data from Kölzsch et al. 2016),,,,,,,,,,,,,,,,,,,m,,Anser albifrons,2013-09-05 18:33:37.000,2013-09-30 07:18:07.000,112,1,gps,,767_137254371,POINT (48.093533 67.139017),48.093533,67.139017
1149956777,0.79,33.0,stopover,True,GPS,2013-09-14 18:27:53,X767,X767,True,133992714,137254371,133992715,133992043,653,767,Anser albifrons,fall-migration,Migration timing in white-fronted geese (data from Kölzsch et al. 2016),,,,,,,,,,,,,,,,,,,m,,Anser albifrons,2013-09-05 18:33:37.000,2013-09-30 07:18:07.000,112,1,gps,,767_137254371,POINT (48.068833 67.122583),48.068833,67.122583
1149956778,2.83,33.0,stopover,True,GPS,2013-09-14 23:17:58,X767,X767,True,133992714,137254371,133992715,133992043,653,767,Anser albifrons,fall-migration,Migration timing in white-fronted geese (data from Kölzsch et al. 2016),,,,,,,,,,,,,,,,,,,m,,Anser albifrons,2013-09-05 18:33:37.000,2013-09-30 07:18:07.000,112,1,gps,,767_137254371,POINT (48.068917 67.122667),48.068917,67.122667
1149956779,1.08,58.0,stopover,True,GPS,2013-09-15 01:49:55,X767,X767,True,133992714,137254371,133992715,133992043,653,767,Anser albifrons,fall-migration,Migration timing in white-fronted geese (data from Kölzsch et al. 2016),,,,,,,,,,,,,,,,,,,m,,Anser albifrons,2013-09-05 18:33:37.000,2013-09-30 07:18:07.000,112,1,gps,,767_137254371,POINT (48.102783 67.133833),48.102783,67.133833
1149956780,2.37,81.0,stopover,True,GPS,2013-09-15 04:23:11,X767,X767,True,133992714,137254371,133992715,133992043,653,767,Anser albifrons,fall-migration,Migration timing in white-fronted geese (data from Kölzsch et al. 2016),,,,,,,,,,,,,,,,,,,m,,Anser albifrons,2013-09-05 18:33:37.000,2013-09-30 07:18:07.000,112,1,gps,,767_137254371,POINT (48.110133 67.129183),48.110133,67.129183
1149956781,2.03,35.0,stopover,True,GPS,2013-09-15 12:02:39,X767,X767,True,133992714,137254371,133992715,133992043,653,767,Anser albifrons,fall-migration,Migration timing in white-fronted geese (data from Kölzsch et al. 2016),,,,,,,,,,,,,,,,,,,m,,Anser albifrons,2013-09-05 18:33:37.000,2013-09-30 07:18:07.000,112,1,gps,,767_137254371,POINT (48.08095 67.148),48.08095,67.148
1149956782,1.1,30.0,stopover,True,GPS,2013-09-15 14:20:22,X767,X767,True,133992714,137254371,133992715,133992043,653,767,Anser albifrons,fall-migration,Migration timing in white-fronted geese (data from Kölzsch et al. 2016),,,,,,,,,,,,,,,,,,,m,,Anser albifrons,2013-09-05 18:33:37.000,2013-09-30 07:18:07.000,112,1,gps,,767_137254371,POINT (48.116933 67.134383),48.116933,67.134383
1149956783,1.32,52.0,stopover,True,GPS,2013-09-15 16:53:32,X767,X767,True,133992714,137254371,133992715,133992043,653,767,Anser albifrons,fall-migration,Migration timing in white-fronted geese (data from Kölzsch et al. 2016),,,,,,,,,,,,,,,,,,,m,,Anser albifrons,2013-09-05 18:33:37.000,2013-09-30 07:18:07.000,112,1,gps,,767_137254371,POINT (48.110267 67.133467),48.110267,67.133467
1149956784,1.0,59.0,stopover,True,GPS,2013-09-15 19:10:47,X767,X767,True,133992714,137254371,133992715,133992043,653,767,Anser albifrons,fall-migration,Migration timing in white-fronted geese (data from Kölzsch et al. 2016),,,,,,,,,,,,,,,,,,,m,,Anser albifrons,2013-09-05 18:33:37.000,2013-09-30 07:18:07.000,112,1,gps,,767_137254371,POINT (48.038467 67.131033),48.038467,67.131033
1149956785,1.05,35.0,stopover,True,GPS,2013-09-15 21:42:57,X767,X767,True,133992714,137254371,133992715,133992043,653,767,Anser albifrons,fall-migration,Migration timing in white-fronted geese (data from Kölzsch et al. 2016),,,,,,,,,,,,,,,,,,,m,,Anser albifrons,2013-09-05 18:33:37.000,2013-09-30 07:18:07.000,112,1,gps,,767_137254371,POINT (48.037367 67.131083),48.037367,67.131083
1149956786,1.09,42.0,stopover,True,GPS,2013-09-16 00:00:24,X767,X767,True,133992714,137254371,133992715,133992043,653,767,Anser albifrons,fall-migration,Migration timing in white-fronted geese (data from Kölzsch et al. 2016),,,,,,,,,,,,,,,,,,,m,,Anser albifrons,2013-09-05 18:33:37.000,2013-09-30 07:18:07.000,112,1,gps,,767_137254371,POINT (48.037183 67.1311),48.037183,67.1311
1149956787,1.56,38.0,stopover,True,GPS,2013-09-16 02:32:36,X767,X767,True,133992714,137254371,133992715,133992043,653,767,Anser albifrons,fall-migration,Migration timing in white-fronted geese (data from Kölzsch et al. 2016),,,,,,,,,,,,,,,,,,,m,,Anser albifrons,2013-09-05 18:33:37.000,2013-09-30 07:18:07.000,112,1,gps,,767_137254371,POINT (48.000883 67.127983),48.000883,67.127983
1149956788,1.79,23.0,stopover,True,GPS,2013-09-16 04:50:13,X767,X767,True,133992714,137254371,133992715,133992043,653,767,Anser albifrons,fall-migration,Migration timing in white-fronted geese (data from Kölzsch et al. 2016),,,,,,,,,,,,,,,,,,,m,,Anser albifrons,2013-09-05 18:33:37.000,2013-09-30 07:18:07.000,112,1,gps,,767_137254371,POINT (48.02595 67.138733),48.02595,67.138733
1149956789,2.57,,stopover,True,GPS,2013-09-16 07:23:11,X767,X767,True,133992714,137254371,133992715,133992043,653,767,Anser albifrons,fall-migration,Migration timing in white-fronted geese (data from Kölzsch et al. 2016),,,,,,,,,,,,,,,,,,,m,,Anser albifrons,2013-09-05 18:33:37.000,2013-09-30 07:18:07.000,112,1,gps,,767_137254371,POINT (47.974783 67.141867),47.974783,67.141867
1149956790,2.04,33.0,stopover,True,GPS,2013-09-16 09:55:53,X767,X767,True,133992714,137254371,133992715,133992043,653,767,Anser albifrons,fall-migration,Migration timing in white-fronted geese (data from Kölzsch et al. 2016),,,,,,,,,,,,,,,,,,,m,,Anser albifrons,2013-09-05 18:33:37.000,2013-09-30 07:18:07.000,112,1,gps,,767_137254371,POINT (47.9684 67.141467),47.9684,67.141467
1149956791,1.11,31.0,stopover,True,GPS,2013-09-16 12:15:38,X767,X767,True,133992714,137254371,133992715,133992043,653,767,Anser albifrons,fall-migration,Migration timing in white-fronted geese (data from Kölzsch et al. 2016),,,,,,,,,,,,,,,,,,,m,,Anser albifrons,2013-09-05 18:33:37.000,2013-09-30 07:18:07.000,112,1,gps,,767_137254371,POINT (47.970083 67.1375),47.970083,67.1375
1149956792,3.34,47.0,stopover,True,GPS,2013-09-16 14:47:21,X767,X767,True,133992714,137254371,133992715,133992043,653,767,Anser albifrons,fall-migration,Migration timing in white-fronted geese (data from Kölzsch et al. 2016),,,,,,,,,,,,,,,,,,,m,,Anser albifrons,2013-09-05 18:33:37.000,2013-09-30 07:18:07.000,112,1,gps,,767_137254371,POINT (48.01745 67.127),48.01745,67.127
1149956793,1.48,31.0,stopover,True,GPS,2013-09-16 17:05:25,X767,X767,True,133992714,137254371,133992715,133992043,653,767,Anser albifrons,fall-migration,Migration timing in white-fronted geese (data from Kölzsch et al. 2016),,,,,,,,,,,,,,,,,,,m,,Anser albifrons,2013-09-05 18:33:37.000,2013-09-30 07:18:07.000,112,1,gps,,767_137254371,POINT (47.998083 67.1268),47.998083,67.1268
1149956794,0.87,43.0,stopover,True,GPS,2013-09-16 19:37:40,X767,X767,True,133992714,137254371,133992715,133992043,653,767,Anser albifrons,fall-migration,Migration timing in white-fronted geese (data from Kölzsch et al. 2016),,,,,,,,,,,,,,,,,,,m,,Anser albifrons,2013-09-05 18:33:37.000,2013-09-30 07:18:07.000,112,1,gps,,767_137254371,POINT (47.998083 67.126833),47.998083,67.126833
1149956795,1.37,40.0,stopover,True,GPS,2013-09-16 21:55:38,X767,X767,True,133992714,137254371,133992715,133992043,653,767,Anser albifrons,fall-migration,Migration timing in white-fronted geese (data from Kölzsch et al. 2016),,,,,,,,,,,,,,,,,,,m,,Anser albifrons,2013-09-05 18:33:37.000,2013-09-30 07:18:07.000,112,1,gps,,767_137254371,POINT (48.00045 67.125833),48.00045,67.125833
1149956796,1.44,40.0,stopover,True,GPS,2013-09-17 00:27:14,X767,X767,True,133992714,137254371,133992715,133992043,653,767,Anser albifrons,fall-migration,Migration timing in white-fronted geese (data from Kölzsch et al. 2016),,,,,,,,,,,,,,,,,,,m,,Anser albifrons,2013-09-05 18:33:37.000,2013-09-30 07:18:07.000,112,1,gps,,767_137254371,POINT (48.000667 67.125733),48.000667,67.125733
1149956797,1.38,47.0,stopover,True,GPS,2013-09-17 02:45:26,X767,X767,True,133992714,137254371,133992715,133992043,653,767,Anser albifrons,fall-migration,Migration timing in white-fronted geese (data from Kölzsch et al. 2016),,,,,,,,,,,,,,,,,,,m,,Anser albifrons,2013-09-05 18:33:37.000,2013-09-30 07:18:07.000,112,1,gps,,767_137254371,POINT (48.064233 67.12655),48.064233,67.12655
1149956798,1.96,39.0,stopover,True,GPS,2013-09-17 05:18:02,X767,X767,True,133992714,137254371,133992715,133992043,653,767,Anser albifrons,fall-migration,Migration timing in white-fronted geese (data from Kölzsch et al. 2016),,,,,,,,,,,,,,,,,,,m,,Anser albifrons,2013-09-05 18:33:37.000,2013-09-30 07:18:07.000,112,1,gps,,767_137254371,POINT (48.078017 67.123317),48.078017,67.123317
1149956799,1.23,42.0,stopover,True,GPS,2013-09-17 07:35:23,X767,X767,True,133992714,137254371,133992715,133992043,653,767,Anser albifrons,fall-migration,Migration timing in white-fronted geese (data from Kölzsch et al. 2016),,,,,,,,,,,,,,,,,,,m,,Anser albifrons,2013-09-05 18:33:37.000,2013-09-30 07:18:07.000,112,1,gps,,767_137254371,POINT (48.085833 67.122033),48.085833,67.122033
1149956800,1.25,27.0,stopover,True,GPS,2013-09-17 17:18:07,X767,X767,True,133992714,137254371,133992715,133992043,653,767,Anser albifrons,fall-migration,Migration timing in white-fronted geese (data from Kölzsch et al. 2016),,,,,,,,,,,,,,,,,,,m,,Anser albifrons,2013-09-05 18:33:37.000,2013-09-30 07:18:07.000,112,1,gps,,767_137254371,POINT (48.073283 67.120867),48.073283,67.120867
1149956801,1.04,49.0,stopover,True,GPS,2013-09-17 19:50:07,X767,X767,True,133992714,137254371,133992715,133992043,653,767,Anser albifrons,fall-migration,Migration timing in white-fronted geese (data from Kölzsch et al. 2016),,,,,,,,,,,,,,,,,,,m,,Anser albifrons,2013-09-05 18:33:37.000,2013-09-30 07:18:07.000,112,1,gps,,767_137254371,POINT (48.074517 67.1213),48.074517,67.1213
1149956802,0.91,38.0,stopover,True,GPS,2013-09-17 22:07:40,X767,X767,True,133992714,137254371,133992715,133992043,653,767,Anser albifrons,fall-migration,Migration timing in white-fronted geese (data from Kölzsch et al. 2016),,,,,,,,,,,,,,,,,,,m,,Anser albifrons,2013-09-05 18:33:37.000,2013-09-30 07:18:07.000,112,1,gps,,767_137254371,POINT (48.07465 67.121267),48.07465,67.121267
1149956803,1.58,35.0,stopover,True,GPS,2013-09-18 02:57:15,X767,X767,True,133992714,137254371,133992715,133992043,653,767,Anser albifrons,fall-migration,Migration timing in white-fronted geese (data from Kölzsch et al. 2016),,,,,,,,,,,,,,,,,,,m,,Anser albifrons,2013-09-05 18:33:37.000,2013-09-30 07:18:07.000,112,1,gps,,767_137254371,POINT (48.099767 67.133483),48.099767,67.133483
1149956804,4.24,34.0,stopover,True,GPS,2013-09-18 07:48:28,X767,X767,True,133992714,137254371,133992715,133992043,653,767,Anser albifrons,fall-migration,Migration timing in white-fronted geese (data from Kölzsch et al. 2016),,,,,,,,,,,,,,,,,,,m,,Anser albifrons,2013-09-05 18:33:37.000,2013-09-30 07:18:07.000,112,1,gps,,767_137254371,POINT (48.101467 67.138833),48.101467,67.138833
1149956805,1.63,54.0,stopover,True,GPS,2013-09-18 15:12:35,X767,X767,True,133992714,137254371,133992715,133992043,653,767,Anser albifrons,fall-migration,Migration timing in white-fronted geese (data from Kölzsch et al. 2016),,,,,,,,,,,,,,,,,,,m,,Anser albifrons,2013-09-05 18:33:37.000,2013-09-30 07:18:07.000,112,1,gps,,767_137254371,POINT (47.948517 67.14475),47.948517,67.14475
1149956806,0.91,45.0,stopover,True,GPS,2013-09-18 22:35:27,X767,X767,True,133992714,137254371,133992715,133992043,653,767,Anser albifrons,fall-migration,Migration timing in white-fronted geese (data from Kölzsch et al. 2016),,,,,,,,,,,,,,,,,,,m,,Anser albifrons,2013-09-05 18:33:37.000,2013-09-30 07:18:07.000,112,1,gps,,767_137254371,POINT (47.980467 67.136133),47.980467,67.136133
1149956807,1.6,26.0,stopover,True,GPS,2013-09-19 03:25:08,X767,X767,True,133992714,137254371,133992715,133992043,653,767,Anser albifrons,fall-migration,Migration timing in white-fronted geese (data from Kölzsch et al. 2016),,,,,,,,,,,,,,,,,,,m,,Anser albifrons,2013-09-05 18:33:37.000,2013-09-30 07:18:07.000,112,1,gps,,767_137254371,POINT (48.028133 67.145333),48.028133,67.145333
1149956808,1.62,33.0,stopover,True,GPS,2013-09-19 10:33:06,X767,X767,True,133992714,137254371,133992715,133992043,653,767,Anser albifrons,fall-migration,Migration timing in white-fronted geese (data from Kölzsch et al. 2016),,,,,,,,,,,,,,,,,,,m,,Anser albifrons,2013-09-05 18:33:37.000,2013-09-30 07:18:07.000,112,1,gps,,767_137254371,POINT (47.934483 67.154067),47.934483,67.154067
1149956809,1.8,22.0,stopover,True,GPS,2013-09-19 15:24:09,X767,X767,True,133992714,137254371,133992715,133992043,653,767,Anser albifrons,fall-migration,Migration timing in white-fronted geese (data from Kölzsch et al. 2016),,,,,,,,,,,,,,,,,,,m,,Anser albifrons,2013-09-05 18:33:37.000,2013-09-30 07:18:07.000,112,1,gps,,767_137254371,POINT (47.914183 67.164783),47.914183,67.164783
1149956810,1.3,16.0,stopover,True,GPS,2013-09-19 17:55:58,X767,X767,True,133992714,137254371,133992715,133992043,653,767,Anser albifrons,fall-migration,Migration timing in white-fronted geese (data from Kölzsch et al. 2016),,,,,,,,,,,,,,,,,,,m,,Anser albifrons,2013-09-05 18:33:37.000,2013-09-30 07:18:07.000,112,1,gps,,767_137254371,POINT (47.923867 67.167967),47.923867,67.167967
1149956811,1.23,22.0,stopover,True,GPS,2013-09-19 20:13:33,X767,X767,True,133992714,137254371,133992715,133992043,653,767,Anser albifrons,fall-migration,Migration timing in white-fronted geese (data from Kölzsch et al. 2016),,,,,,,,,,,,,,,,,,,m,,Anser albifrons,2013-09-05 18:33:37.000,2013-09-30 07:18:07.000,112,1,gps,,767_137254371,POINT (47.921783 67.1683),47.921783,67.1683
1149956812,0.0,0.0,stopover,True,GPS,2013-09-19 22:45:10,X767,X767,True,133992714,137254371,133992715,133992043,653,767,Anser albifrons,fall-migration,Migration timing in white-fronted geese (data from Kölzsch et al. 2016),,,,,,,,,,,,,,,,,,,m,,Anser albifrons,2013-09-05 18:33:37.000,2013-09-30 07:18:07.000,112,1,gps,,767_137254371,POINT (47.922117 67.168033),47.922117,67.168033
1149956813,1.36,28.0,stopover,True,GPS,2013-09-20 05:52:09,X767,X767,True,133992714,137254371,133992715,133992043,653,767,Anser albifrons,fall-migration,Migration timing in white-fronted geese (data from Kölzsch et al. 2016),,,,,,,,,,,,,,,,,,,m,,Anser albifrons,2013-09-05 18:33:37.000,2013-09-30 07:18:07.000,112,1,gps,,767_137254371,POINT (47.918667 67.166733),47.918667,67.166733
1149956814,3.52,30.0,stopover,True,GPS,2013-09-20 08:26:08,X767,X767,True,133992714,137254371,133992715,133992043,653,767,Anser albifrons,fall-migration,Migration timing in white-fronted geese (data from Kölzsch et al. 2016),,,,,,,,,,,,,,,,,,,m,,Anser albifrons,2013-09-05 18:33:37.000,2013-09-30 07:18:07.000,112,1,gps,,767_137254371,POINT (47.9295 67.171183),47.9295,67.171183
1149956815,1.01,27.0,stopover,True,GPS,2013-09-20 10:43:28,X767,X767,True,133992714,137254371,133992715,133992043,653,767,Anser albifrons,fall-migration,Migration timing in white-fronted geese (data from Kölzsch et al. 2016),,,,,,,,,,,,,,,,,,,m,,Anser albifrons,2013-09-05 18:33:37.000,2013-09-30 07:18:07.000,112,1,gps,,767_137254371,POINT (47.922833 67.173067),47.922833,67.173067
1149956816,1.61,73.0,stopover,True,GPS,2013-09-20 13:16:18,X767,X767,True,133992714,137254371,133992715,133992043,653,767,Anser albifrons,fall-migration,Migration timing in white-fronted geese (data from Kölzsch et al. 2016),,,,,,,,,,,,,,,,,,,m,,Anser albifrons,2013-09-05 18:33:37.000,2013-09-30 07:18:07.000,112,1,gps,,767_137254371,POINT (47.9291 67.168783),47.9291,67.168783
1149956817,1.21,26.0,stopover,True,GPS,2013-09-20 15:48:41,X767,X767,True,133992714,137254371,133992715,133992043,653,767,Anser albifrons,fall-migration,Migration timing in white-fronted geese (data from Kölzsch et al. 2016),,,,,,,,,,,,,,,,,,,m,,Anser albifrons,2013-09-05 18:33:37.000,2013-09-30 07:18:07.000,112,1,gps,,767_137254371,POINT (47.91075 67.173283),47.91075,67.173283
1149956818,1.29,23.0,stopover,True,GPS,2013-09-20 18:06:17,X767,X767,True,133992714,137254371,133992715,133992043,653,767,Anser albifrons,fall-migration,Migration timing in white-fronted geese (data from Kölzsch et al. 2016),,,,,,,,,,,,,,,,,,,m,,Anser albifrons,2013-09-05 18:33:37.000,2013-09-30 07:18:07.000,112,1,gps,,767_137254371,POINT (47.90395 67.1721),47.90395,67.1721
1149956819,2.15,75.0,stopover,True,GPS,2013-09-20 20:38:59,X767,X767,True,133992714,137254371,133992715,133992043,653,767,Anser albifrons,fall-migration,Migration timing in white-fronted geese (data from Kölzsch et al. 2016),,,,,,,,,,,,,,,,,,,m,,Anser albifrons,2013-09-05 18:33:37.000,2013-09-30 07:18:07.000,112,1,gps,,767_137254371,POINT (47.90405 67.172217),47.90405,67.172217
1149956820,2.36,,stopover,True,GPS,2013-09-20 22:56:28,X767,X767,True,133992714,137254371,133992715,133992043,653,767,Anser albifrons,fall-migration,Migration timing in white-fronted geese (data from Kölzsch et al. 2016),,,,,,,,,,,,,,,,,,,m,,Anser albifrons,2013-09-05 18:33:37.000,2013-09-30 07:18:07.000,112,1,gps,,767_137254371,POINT (47.90395 67.1721),47.90395,67.1721
1149956821,1.77,22.0,stopover,True,GPS,2013-09-21 01:28:55,X767,X767,True,133992714,137254371,133992715,133992043,653,767,Anser albifrons,fall-migration,Migration timing in white-fronted geese (data from Kölzsch et al. 2016),,,,,,,,,,,,,,,,,,,m,,Anser albifrons,2013-09-05 18:33:37.000,2013-09-30 07:18:07.000,112,1,gps,,767_137254371,POINT (47.9041 67.172083),47.9041,67.172083
1149956822,1.03,158.0,stopover,True,GPS,2013-09-21 03:46:24,X767,X767,True,133992714,137254371,133992715,133992043,653,767,Anser albifrons,fall-migration,Migration timing in white-fronted geese (data from Kölzsch et al. 2016),,,,,,,,,,,,,,,,,,,m,,Anser albifrons,2013-09-05 18:33:37.000,2013-09-30 07:18:07.000,112,1,gps,,767_137254371,POINT (47.925633 67.180067),47.925633,67.180067
1149956823,1.82,35.0,stopover,True,GPS,2013-09-21 06:18:52,X767,X767,True,133992714,137254371,133992715,133992043,653,767,Anser albifrons,fall-migration,Migration timing in white-fronted geese (data from Kölzsch et al. 2016),,,,,,,,,,,,,,,,,,,m,,Anser albifrons,2013-09-05 18:33:37.000,2013-09-30 07:18:07.000,112,1,gps,,767_137254371,POINT (47.928617 67.176017),47.928617,67.176017
1149956824,1.47,39.0,stopover,True,GPS,2013-09-21 08:37:02,X767,X767,True,133992714,137254371,133992715,133992043,653,767,Anser albifrons,fall-migration,Migration timing in white-fronted geese (data from Kölzsch et al. 2016),,,,,,,,,,,,,,,,,,,m,,Anser albifrons,2013-09-05 18:33:37.000,2013-09-30 07:18:07.000,112,1,gps,,767_137254371,POINT (47.910567 67.1801),47.910567,67.1801
1149956825,1.44,35.0,stopover,True,GPS,2013-09-21 11:08:49,X767,X767,True,133992714,137254371,133992715,133992043,653,767,Anser albifrons,fall-migration,Migration timing in white-fronted geese (data from Kölzsch et al. 2016),,,,,,,,,,,,,,,,,,,m,,Anser albifrons,2013-09-05 18:33:37.000,2013-09-30 07:18:07.000,112,1,gps,,767_137254371,POINT (48.004133 67.155217),48.004133,67.155217
1149956826,1.65,27.0,stopover,True,GPS,2013-09-21 13:26:27,X767,X767,True,133992714,137254371,133992715,133992043,653,767,Anser albifrons,fall-migration,Migration timing in white-fronted geese (data from Kölzsch et al. 2016),,,,,,,,,,,,,,,,,,,m,,Anser albifrons,2013-09-05 18:33:37.000,2013-09-30 07:18:07.000,112,1,gps,,767_137254371,POINT (48.018267 67.155367),48.018267,67.155367
1149956827,1.14,,stopover,True,GPS,2013-09-21 15:58:35,X767,X767,True,133992714,137254371,133992715,133992043,653,767,Anser albifrons,fall-migration,Migration timing in white-fronted geese (data from Kölzsch et al. 2016),,,,,,,,,,,,,,,,,,,m,,Anser albifrons,2013-09-05 18:33:37.000,2013-09-30 07:18:07.000,112,1,gps,,767_137254371,POINT (47.991117 67.151117),47.991117,67.151117
1149956828,1.17,38.0,stopover,True,GPS,2013-09-21 18:16:29,X767,X767,True,133992714,137254371,133992715,133992043,653,767,Anser albifrons,fall-migration,Migration timing in white-fronted geese (data from Kölzsch et al. 2016),,,,,,,,,,,,,,,,,,,m,,Anser albifrons,2013-09-05 18:33:37.000,2013-09-30 07:18:07.000,112,1,gps,,767_137254371,POINT (47.991267 67.150917),47.991267,67.150917
1149956829,1.05,56.0,stopover,True,GPS,2013-09-21 20:48:31,X767,X767,True,133992714,137254371,133992715,133992043,653,767,Anser albifrons,fall-migration,Migration timing in white-fronted geese (data from Kölzsch et al. 2016),,,,,,,,,,,,,,,,,,,m,,Anser albifrons,2013-09-05 18:33:37.000,2013-09-30 07:18:07.000,112,1,gps,,767_137254371,POINT (47.99095 67.150767),47.99095,67.150767
1149956830,0.95,37.0,stopover,True,GPS,2013-09-21 23:06:32,X767,X767,True,133992714,137254371,133992715,133992043,653,767,Anser albifrons,fall-migration,Migration timing in white-fronted geese (data from Kölzsch et al. 2016),,,,,,,,,,,,,,,,,,,m,,Anser albifrons,2013-09-05 18:33:37.000,2013-09-30 07:18:07.000,112,1,gps,,767_137254371,POINT (47.9872 67.145867),47.9872,67.145867
1149956831,1.57,23.0,stopover,True,GPS,2013-09-22 01:37:55,X767,X767,True,133992714,137254371,133992715,133992043,653,767,Anser albifrons,fall-migration,Migration timing in white-fronted geese (data from Kölzsch et al. 2016),,,,,,,,,,,,,,,,,,,m,,Anser albifrons,2013-09-05 18:33:37.000,2013-09-30 07:18:07.000,112,1,gps,,767_137254371,POINT (47.987383 67.1467),47.987383,67.1467
1149956832,0.88,29.0,stopover,True,GPS,2013-09-22 10:31:10,X767,X767,True,133992714,137254371,133992715,133992043,653,767,Anser albifrons,fall-migration,Migration timing in white-fronted geese (data from Kölzsch et al. 2016),,,,,,,,,,,,,,,,,,,m,,Anser albifrons,2013-09-05 18:33:37.000,2013-09-30 07:18:07.000,112,1,gps,,767_137254371,POINT (47.9267 67.125367),47.9267,67.125367
1149956833,3.11,0.0,stopover,True,GPS,2013-09-23 08:35:17,X767,X767,True,133992714,137254371,133992715,133992043,653,767,Anser albifrons,fall-migration,Migration timing in white-fronted geese (data from Kölzsch et al. 2016),,,,,,,,,,,,,,,,,,,m,,Anser albifrons,2013-09-05 18:33:37.000,2013-09-30 07:18:07.000,112,1,gps,,767_137254371,POINT (47.932 67.122533),47.932,67.122533
1149956834,1.11,20.0,stopover,True,GPS,2013-09-24 06:53:02,X767,X767,True,133992714,137254371,133992715,133992043,653,767,Anser albifrons,fall-migration,Migration timing in white-fronted geese (data from Kölzsch et al. 2016),,,,,,,,,,,,,,,,,,,m,,Anser albifrons,2013-09-05 18:33:37.000,2013-09-30 07:18:07.000,112,1,gps,,767_137254371,POINT (46.073367 66.650317),46.073367,66.650317
1149956835,1.17,20.0,stopover,True,GPS,2013-09-24 09:39:55,X767,X767,True,133992714,137254371,133992715,133992043,653,767,Anser albifrons,fall-migration,Migration timing in white-fronted geese (data from Kölzsch et al. 2016),,,,,,,,,,,,,,,,,,,m,,Anser albifrons,2013-09-05 18:33:37.000,2013-09-30 07:18:07.000,112,1,gps,,767_137254371,POINT (46.075717 66.649483),46.075717,66.649483
1149956836,1.29,47.0,stopover,True,GPS,2013-09-24 12:13:02,X767,X767,True,133992714,137254371,133992715,133992043,653,767,Anser albifrons,fall-migration,Migration timing in white-fronted geese (data from Kölzsch et al. 2016),,,,,,,,,,,,,,,,,,,m,,Anser albifrons,2013-09-05 18:33:37.000,2013-09-30 07:18:07.000,112,1,gps,,767_137254371,POINT (46.077033 66.650133),46.077033,66.650133
1149956837,0.94,17.0,stopover,True,GPS,2013-09-24 16:31:17,X767,X767,True,133992714,137254371,133992715,133992043,653,767,Anser albifrons,fall-migration,Migration timing in white-fronted geese (data from Kölzsch et al. 2016),,,,,,,,,,,,,,,,,,,m,,Anser albifrons,2013-09-05 18:33:37.000,2013-09-30 07:18:07.000,112,1,gps,,767_137254371,POINT (46.07775 66.64735),46.07775,66.64735
1149956838,1.33,21.0,stopover,True,GPS,2013-09-24 19:33:17,X767,X767,True,133992714,137254371,133992715,133992043,653,767,Anser albifrons,fall-migration,Migration timing in white-fronted geese (data from Kölzsch et al. 2016),,,,,,,,,,,,,,,,,,,m,,Anser albifrons,2013-09-05 18:33:37.000,2013-09-30 07:18:07.000,112,1,gps,,767_137254371,POINT (46.07785 66.64755),46.07785,66.64755
1149956839,1.15,46.0,stopover,True,GPS,2013-09-24 21:50:31,X767,X767,True,133992714,137254371,133992715,133992043,653,767,Anser albifrons,fall-migration,Migration timing in white-fronted geese (data from Kölzsch et al. 2016),,,,,,,,,,,,,,,,,,,m,,Anser albifrons,2013-09-05 18:33:37.000,2013-09-30 07:18:07.000,112,1,gps,,767_137254371,POINT (46.077783 66.64765),46.077783,66.64765
1149956840,1.4,13.0,stopover,True,GPS,2013-09-26 11:43:49,X767,X767,True,133992714,137254371,133992715,133992043,653,767,Anser albifrons,fall-migration,Migration timing in white-fronted geese (data from Kölzsch et al. 2016),,,,,,,,,,,,,,,,,,,m,,Anser albifrons,2013-09-05 18:33:37.000,2013-09-30 07:18:07.000,112,1,gps,,767_137254371,POINT (46.104333 66.647683),46.104333,66.647683
1149956841,1.17,24.0,stopover,True,GPS,2013-09-27 11:02:43,X767,X767,True,133992714,137254371,133992715,133992043,653,767,Anser albifrons,fall-migration,Migration timing in white-fronted geese (data from Kölzsch et al. 2016),,,,,,,,,,,,,,,,,,,m,,Anser albifrons,2013-09-05 18:33:37.000,2013-09-30 07:18:07.000,112,1,gps,,767_137254371,POINT (46.084817 66.636133),46.084817,66.636133
1149956842,1.54,424.0,flight,True,GPS,2013-09-28 10:05:57,X767,X767,True,133992714,137254371,133992715,133992043,653,767,Anser albifrons,fall-migration,Migration timing in white-fronted geese (data from Kölzsch et al. 2016),,,,,,,,,,,,,,,,,,,m,,Anser albifrons,2013-09-05 18:33:37.000,2013-09-30 07:18:07.000,112,1,gps,,767_137254371,POINT (34.900833 63.02455),34.900833,63.02455
1149956843,1.13,520.0,flight,True,GPS,2013-09-29 07:08:08,X767,X767,True,133992714,137254371,133992715,133992043,653,767,Anser albifrons,fall-migration,Migration timing in white-fronted geese (data from Kölzsch et al. 2016),,,,,,,,,,,,,,,,,,,m,,Anser albifrons,2013-09-05 18:33:37.000,2013-09-30 07:18:07.000,112,1,gps,,767_137254371,POINT (15.06605 53.406783),15.06605,53.406783
1149956844,1.57,698.0,flight,True,GPS,2013-09-29 09:25:43,X767,X767,True,133992714,137254371,133992715,133992043,653,767,Anser albifrons,fall-migration,Migration timing in white-fronted geese (data from Kölzsch et al. 2016),,,,,,,,,,,,,,,,,,,m,,Anser albifrons,2013-09-05 18:33:37.000,2013-09-30 07:18:07.000,112,1,gps,,767_137254371,POINT (11.9364 52.787583),11.9364,52.787583
1149956845,1.48,1078.0,flight,True,GPS,2013-09-29 11:57:46,X767,X767,True,133992714,137254371,133992715,133992043,653,767,Anser albifrons,fall-migration,Migration timing in white-fronted geese (data from Kölzsch et al. 2016),,,,,,,,,,,,,,,,,,,m,,Anser albifrons,2013-09-05 18:33:37.000,2013-09-30 07:18:07.000,112,1,gps,,767_137254371,POINT (7.85525 52.870017),7.85525,52.870017
1149956846,1.74,145.0,flight,True,GPS,2013-09-29 14:15:36,X767,X767,True,133992714,137254371,133992715,133992043,653,767,Anser albifrons,fall-migration,Migration timing in white-fronted geese (data from Kölzsch et al. 2016),,,,,,,,,,,,,,,,,,,m,,Anser albifrons,2013-09-05 18:33:37.000,2013-09-30 07:18:07.000,112,1,gps,,767_137254371,POINT (6.06705 51.934167),6.06705,51.934167
1149956847,2.28,,flight,True,GPS,2013-09-29 16:48:04,X767,X767,True,133992714,137254371,133992715,133992043,653,767,Anser albifrons,fall-migration,Migration timing in white-fronted geese (data from Kölzsch et al. 2016),,,,,,,,,,,,,,,,,,,m,,Anser albifrons,2013-09-05 18:33:37.000,2013-09-30 07:18:07.000,112,1,gps,,767_137254371,POINT (4.638767 52.7978),4.638767,52.7978
1149956848,1.0,,flight,True,GPS,2013-09-29 19:06:02,X767,X767,True,133992714,137254371,133992715,133992043,653,767,Anser albifrons,fall-migration,Migration timing in white-fronted geese (data from Kölzsch et al. 2016),,,,,,,,,,,,,,,,,,,m,,Anser albifrons,2013-09-05 18:33:37.000,2013-09-30 07:18:07.000,112,1,gps,,767_137254371,POINT (4.739267 53.004983),4.739267,53.004983
1149956849,2.2,,flight,True,GPS,2013-09-29 21:38:25,X767,X767,True,133992714,137254371,133992715,133992043,653,767,Anser albifrons,fall-migration,Migration timing in white-fronted geese (data from Kölzsch et al. 2016),,,,,,,,,,,,,,,,,,,m,,Anser albifrons,2013-09-05 18:33:37.000,2013-09-30 07:18:07.000,112,1,gps,,767_137254371,POINT (4.7405 53.004917),4.7405,53.004917
1149956850,1.43,,flight,True,GPS,2013-09-29 23:56:06,X767,X767,True,133992714,137254371,133992715,133992043,653,767,Anser albifrons,fall-migration,Migration timing in white-fronted geese (data from Kölzsch et al. 2016),,,,,,,,,,,,,,,,,,,m,,Anser albifrons,2013-09-05 18:33:37.000,2013-09-30 07:18:07.000,112,1,gps,,767_137254371,POINT (4.740633 53.0048),4.740633,53.0048
1149956851,1.02,0.0,flight,True,GPS,2013-09-30 02:28:15,X767,X767,True,133992714,137254371,133992715,133992043,653,767,Anser albifrons,fall-migration,Migration timing in white-fronted geese (data from Kölzsch et al. 2016),,,,,,,,,,,,,,,,,,,m,,Anser albifrons,2013-09-05 18:33:37.000,2013-09-30 07:18:07.000,112,1,gps,,767_137254371,POINT (4.740617 53.0049),4.740617,53.0049
1149956852,2.29,47.0,flight,True,GPS,2013-09-30 04:46:08,X767,X767,True,133992714,137254371,133992715,133992043,653,767,Anser albifrons,fall-migration,Migration timing in white-fronted geese (data from Kölzsch et al. 2016),,,,,,,,,,,,,,,,,,,m,,Anser albifrons,2013-09-05 18:33:37.000,2013-09-30 07:18:07.000,112,1,gps,,767_137254371,POINT (4.742017 53.000917),4.742017,53.000917
1149956853,2.31,,winter,True,GPS,2013-09-30 07:18:07,X767,X767,True,133992714,137254371,133992715,133992043,653,767,Anser albifrons,fall-migration,Migration timing in white-fronted geese (data from Kölzsch et al. 2016),,,,,,,,,,,,,,,,,,,m,,Anser albifrons,2013-09-05 18:33:37.000,2013-09-30 07:18:07.000,112,1,gps,,767_137254371,POINT (4.965467 52.92255),4.965467,52.92255
